id,place,town,current_status,proposed_status,reason,evidence_link,sources_checked,public,decided_by,notes
"1","Le Petibonum","Le Carbet","active","keep","Listed on 2 live pages about the place, with no closure wording.","https://petibonum.com/","2","yes","script","Source price list ended 2024-12-31 | Listed in the tourism board's current sitemap (changed 2026-01-17)"
"2","Habitation Clément","Le François","active","keep","Listed on 2 live pages about the place, with no closure wording (listing updated 2026-09-25).","https://www.rhum-clement.com/home/lexperience/","2","yes","script","Source price list ended 2024-12-31 | Listed in the tourism board's current sitemap (changed 2026-10-01)"
"3","Jardin de Balata","Fort-de-France","active","keep","Listed on 2 live pages about the place, with no closure wording.","https://www.jardindebalata.fr/horaires-et-animations","2","yes","script","Listed in the tourism board's current sitemap (changed 2026-10-01)"
"4","Ti' Sable","Les Anses-d'Arlet","active","keep","Listed on 2 live pages about the place, with no closure wording.","https://www.tisablemartinique.com/en/","2","yes","script","Listed in the tourism board's current sitemap (changed 2026-09-19)"
"5","Montagne Pelée","Le Morne-Rouge","active","keep","Listed on 1 live page about the place, with no closure wording.","https://www.martinique.org/fr/que-faire/incontournables/montagne-pelee","1","yes","script","Listed in the tourism board's current sitemap (changed 2026-02-26)"
"6","Plage des Salines","Sainte-Anne","active","keep","Listed on 1 live page about the place, with no closure wording. Map point differs from the source; review separately.","https://www.martinique.org/fr/que-faire/sites-naturels-publics/plage-des-salines","1","yes","script","Source map point differs: ours ""14.4025,-60.8758"", source ""14.4073824,-60.885325 (1161 m away)"" | Listed in the tourism board's current sitemap (changed 2026-10-01)"
"7","Cascade Didier","Fort-de-France","active","uncertain","Could not confirm from any cited source. A dead link alone is not proof of closure. https://terresducentremartinique.fr/wp-content/uploads/2024/01/CARTE-NATURE-COEUR-DE-MARTINIQUE-2020-1.pdf: the source is a document, not a web page","https://terresducentremartinique.fr/wp-content/uploads/2024/01/CARTE-NATURE-COEUR-DE-MARTINIQUE-2020-1.pdf","1","yes","script",""
"8","Le Zandoli","Les Trois-Îlets","active","keep","The hotel's own restaurant page describes Le Zandoli and its Wednesday-to-Saturday dinner service; the page builds its text with scripts, so the automated check could not see the name. (manual review, 2026-10-02; script said uncertain)","https://la-suite-villa.com/en/restaurant/","1","yes","manual",""
"9","Presqu'île de la Caravelle","Tartane","active","keep","The regional park's own page covers the Caravelle nature reserve. The script only disagreed because the page calls it a réserve naturelle, not a presqu'île. (manual review, 2026-10-02; script said uncertain)","https://vr.pnr-martinique.com/caravelle/","2","yes","manual",""
"10","Chez Carole","Fort-de-France","active","keep","Listed on 1 live page about the place, with no closure wording (listing updated 2024-03-03).","https://terresducentremartinique.fr/restaurant/chez-carole/","1","yes","script",""
"11","La Savane des Esclaves","Les Trois-Îlets","active","keep","Listed on 2 live pages about the place, with no closure wording.","https://www.lasavanedesesclaves.fr/actualite","2","yes","script","Source price list ended 2021-12-31 | Listed in the tourism board's current sitemap (changed 2026-10-01)"
"12","Piliers du Sud","Le Marin","draft (unpublished)","uncertain","No source is cited for this place.","","0","no","script",""
"13","Madiana Cinéma Multiplex","Schœlcher","active","keep","Listed on 1 live page about the place, with no closure wording.","https://madiana.com/contacts-et-horaires/","1","yes","script",""
"14","Cinéma Le Rex","Fort-de-France","draft (unpublished)","uncertain","No source is cited for this place.","","0","no","script",""
"15","Plaza Bowling d'Acajou","Le Lamentin","draft (unpublished)","uncertain","No source is cited for this place.","","0","no","script",""
"16","Acro'Kart","Les Trois-Îlets","active","keep","Listed on 2 live pages about the place, with no closure wording.","https://acrokart.fr/","2","yes","script","Listed in the tourism board's current sitemap (changed 2026-10-01)"
"17","West Paradise","Le Lamentin","active","keep","Listed on 1 live page about the place, with no closure wording (listing updated 2026-10-02).","https://www.westparadise.fr/","1","yes","script",""
"18","Hippopotamus La Galleria","Le Lamentin","active","keep","Listed on 1 live page about the place, with no closure wording.","https://www.hippopotamus.fr/nos-restaurants/hippopotamus-martinique-la-galleria","1","yes","script",""
"19","Torii Sushi","Le Lamentin","active","keep","Listed on 1 live page about the place, with no closure wording. Map point differs from the source; review separately.","https://www.martinique.org/fr/bars-restaurants/restaurants/torii-sushi","1","yes","script","Source map point differs: ours ""14.6115,-61.0255"", source ""14.61779799,-61.0328894 (1060 m away)"" | Listed in the tourism board's current sitemap (changed 2026-01-17)"
"20","McDonald's","Le Lamentin","draft (unpublished)","uncertain","No source is cited for this place.","","0","no","script",""
"21","Bokay Burger (BKB)","Ducos","draft (unpublished)","uncertain","No source is cited for this place.","","0","no","script",""
"22","Chez Fredo","Sainte-Luce","draft (unpublished)","uncertain","No source is cited for this place.","","0","no","script",""
"23","Le Balaou","Sainte-Luce","draft (unpublished)","uncertain","No source is cited for this place.","","0","no","script",""
"24","La Dunette","Sainte-Anne","active","keep","Listed on 1 live page about the place, with no closure wording.","https://www.martinique.org/fr/bars-restaurants/restaurants/la-dunette","1","yes","script","Listed in the tourism board's current sitemap (changed 2026-09-19)"
"25","1643","Le Carbet","active","keep","Listed on 1 live page about the place, with no closure wording.","https://www.martinique.org/fr/bars-restaurants/restaurants/1643","1","yes","script","Listed in the tourism board's current sitemap (changed 2026-01-17)"
"26","Agap' Peyi' A","Le François","active","keep","Listed on 1 live page about the place, with no closure wording.","https://www.martinique.org/fr/bars-restaurants/restaurants/agap-peyi","1","yes","script","Listed in the tourism board's current sitemap (changed 2026-01-17)"
"27","Caribbean Food","Sainte-Luce","active","keep","Listed on 1 live page about the place, with no closure wording.","https://www.martinique.org/fr/bars-restaurants/restaurants/caribbean-food","1","yes","script","Listed in the tourism board's current sitemap (changed 2026-09-19)"
"28","Chez Gracieuse","Sainte-Anne","active","keep","Listed on 1 live page about the place, with no closure wording.","https://www.martinique.org/fr/bars-restaurants/restaurants/chez-gracieuse","1","yes","script","Listed in the tourism board's current sitemap (changed 2026-01-17)"
"29","Djol Dou","Fort-de-France","active","keep","Listed on 1 live page about the place, with no closure wording.","https://www.martinique.org/fr/bars-restaurants/restaurants/djol-dou","1","yes","script","Listed in the tourism board's current sitemap (changed 2026-01-17)"
"30","Domb'ox- Bar À Dombrés","Fort-de-France","active","keep","Listed on 1 live page about the place, with no closure wording.","https://www.martinique.org/fr/bars-restaurants/restaurants/dombox-bar-dombres","1","yes","script","Listed in the tourism board's current sitemap (changed 2026-07-12)"
"31","Effet Mer","Le Carbet","active","keep","Listed on 1 live page about the place, with no closure wording.","https://www.martinique.org/fr/bars-restaurants/restaurants/effet-mer","1","yes","script","Listed in the tourism board's current sitemap (changed 2026-09-19)"
"32","Galanga Fish Bar","Fort-de-France","active","keep","Listed on 1 live page about the place, with no closure wording.","https://www.martinique.org/fr/bars-restaurants/restaurants/galanga-fish-bar","1","yes","script","Listed in the tourism board's current sitemap (changed 2026-01-17)"
"33","Habitation Ceron","Le Prêcheur","active","keep","Listed on 1 live page about the place, with no closure wording.","https://www.martinique.org/fr/bars-restaurants/restaurants/habitation-ceron","1","yes","script","Listed in the tourism board's current sitemap (changed 2026-09-19)"
"34","Havana Café","Les Trois-Îlets","active","keep","Listed on 1 live page about the place, with no closure wording.","https://www.martinique.org/fr/bars-restaurants/restaurants/havana-cafe","1","yes","script","Listed in the tourism board's current sitemap (changed 2026-01-17)"
"35","Kai Nono","Le François","active","keep","Listed on 1 live page about the place, with no closure wording.","https://www.martinique.org/fr/bars-restaurants/restaurants/kai-nono","1","yes","script","Listed in the tourism board's current sitemap (changed 2026-09-19)"
"36","Kay Ali","Fort-de-France","active","keep","Listed on 1 live page about the place, with no closure wording.","https://www.martinique.org/fr/bars-restaurants/restaurants/kay-ali","1","yes","script","Listed in the tourism board's current sitemap (changed 2026-09-19)"
"37","La Voile Blanche","Le Diamant","active","keep","Listed on 1 live page about the place, with no closure wording.","https://www.martinique.org/fr/bars-restaurants/restaurants/la-voile-blanche","1","yes","script","Listed in the tourism board's current sitemap (changed 2026-09-19)"
"38","L'annexe","Les Trois-Îlets","active","keep","Listed on 1 live page about the place, with no closure wording.","https://www.martinique.org/fr/bars-restaurants/restaurants/lannexe","1","yes","script","Listed in the tourism board's current sitemap (changed 2026-09-19)"
"39","Le Bambou","Le Morne-Rouge","active","keep","Listed on 1 live page about the place, with no closure wording.","https://www.martinique.org/fr/bars-restaurants/restaurants/le-bambou","1","yes","script","Listed in the tourism board's current sitemap (changed 2026-09-19)"
"40","Le Beach Grill","Le Carbet","active","keep","Listed on 1 live page about the place, with no closure wording.","https://www.martinique.org/fr/bars-restaurants/restaurants/le-beach-grill","1","yes","script","Listed in the tourism board's current sitemap (changed 2026-09-19)"
"41","Le Central","Fort-de-France","active","keep","Listed on 1 live page about the place, with no closure wording.","https://www.martinique.org/fr/bars-restaurants/restaurants/le-central","1","yes","script","Listed in the tourism board's current sitemap (changed 2026-09-19)"
"42","Le Cloud - Rooftop Bar","Fort-de-France","active","keep","Listed on 1 live page about the place, with no closure wording.","https://www.martinique.org/fr/bars-restaurants/restaurants/le-cloud-rooftop-bar","1","yes","script","Listed in the tourism board's current sitemap (changed 2026-09-19)"
"43","Le Dome","Fort-de-France","active","keep","Listed on 1 live page about the place, with no closure wording.","https://www.martinique.org/fr/bars-restaurants/restaurants/le-dome","1","yes","script","Listed in the tourism board's current sitemap (changed 2026-09-19)"
"44","Le Flamant Rose","Le François","active","keep","Listed on 1 live page about the place, with no closure wording.","https://www.martinique.org/fr/bars-restaurants/restaurants/le-flamant-rose","1","yes","script","Listed in the tourism board's current sitemap (changed 2026-01-17)"
"45","Le Jardin De La Santé","Sainte-Anne","active","keep","Listed on 1 live page about the place, with no closure wording.","https://www.martinique.org/fr/bars-restaurants/restaurants/le-jardin-de-la-sante","1","yes","script","Source price list ended 2019-12-31 | Listed in the tourism board's current sitemap (changed 2026-09-19)"
"46","Le Jardin Des Alizes","Fort-de-France","active","keep","Listed on 1 live page about the place, with no closure wording.","https://www.martinique.org/fr/bars-restaurants/restaurants/le-jardin-des-alizes","1","yes","script","Listed in the tourism board's current sitemap (changed 2026-09-19)"
"47","Le Jardin Des Envies","Les Trois-Îlets","active","keep","Listed on 1 live page about the place, with no closure wording.","https://www.martinique.org/fr/bars-restaurants/restaurants/le-jardin-des-envies","1","yes","script","Listed in the tourism board's current sitemap (changed 2026-09-19)"
"48","Le Kano","Les Trois-Îlets","active","keep","Listed on 1 live page about the place, with no closure wording.","https://www.martinique.org/fr/bars-restaurants/restaurants/le-kano","1","yes","script","Listed in the tourism board's current sitemap (changed 2026-01-17)"
"49","Le M (Ex Paille Coco)","Sainte-Anne","active","keep","Listed on 1 live page about the place, with no closure wording.","https://www.martinique.org/fr/bars-restaurants/restaurants/le-m-ex-paille-coco","1","yes","script","Listed in the tourism board's current sitemap (changed 2026-09-19)"
"50","Le Paradis De L'anse","Rivière-Pilote","active","keep","Listed on 1 live page about the place, with no closure wording.","https://www.martinique.org/fr/bars-restaurants/restaurants/le-paradis-de-lanse","1","yes","script","Listed in the tourism board's current sitemap (changed 2026-01-17)"
"51","Le Pitaya","Les Trois-Îlets","active","keep","Listed on 1 live page about the place, with no closure wording.","https://www.martinique.org/fr/bars-restaurants/restaurants/le-pitaya","1","yes","script","Listed in the tourism board's current sitemap (changed 2026-09-19)"
"52","Le Point De Vue","Sainte-Marie","active","keep","Listed on 1 live page about the place, with no closure wording.","https://www.martinique.org/fr/bars-restaurants/restaurants/le-point-de-vue","1","yes","script","Listed in the tourism board's current sitemap (changed 2026-01-17)"
"53","Le Rameau De Champfleury","Le Marin","active","keep","Listed on 1 live page about the place, with no closure wording.","https://www.martinique.org/fr/bars-restaurants/restaurants/le-rameau-de-champfleury","1","yes","script","Source price list ended 2014-12-31 | Listed in the tourism board's current sitemap (changed 2026-01-17)"
"54","Le Sax Restaurant Piano Bar Lounge","Les Trois-Îlets","active","keep","Listed on 1 live page about the place, with no closure wording.","https://www.martinique.org/fr/bars-restaurants/restaurants/le-sax-restaurant-piano-bar-lounge","1","yes","script","Listed in the tourism board's current sitemap (changed 2026-01-17)"
"55","Le Shell's","Case-Pilote","active","keep","Listed on 1 live page about the place, with no closure wording.","https://www.martinique.org/fr/bars-restaurants/restaurants/le-shells","1","yes","script","Listed in the tourism board's current sitemap (changed 2026-09-19)"
"56","Le Sunny's Beach","Rivière-Pilote","active","keep","Listed on 1 live page about the place, with no closure wording.","https://www.martinique.org/fr/bars-restaurants/restaurants/le-sunnys-beach","1","yes","script","Listed in the tourism board's current sitemap (changed 2024-11-03)"
"57","L'imperatrice","Fort-de-France","active","keep","Listed on 1 live page about the place, with no closure wording.","https://www.martinique.org/fr/bars-restaurants/restaurants/limperatrice","1","yes","script","Listed in the tourism board's current sitemap (changed 2026-09-19)"
"58","L'imprevu","Le Carbet","active","keep","Listed on 1 live page about the place, with no closure wording.","https://www.martinique.org/fr/bars-restaurants/restaurants/limprevu","1","yes","script","Listed in the tourism board's current sitemap (changed 2026-09-19)"
"59","Miza","Fort-de-France","active","keep","Listed on 1 live page about the place, with no closure wording.","https://www.martinique.org/fr/bars-restaurants/restaurants/miza","1","yes","script","Listed in the tourism board's current sitemap (changed 2026-01-17)"
"60","North Beach","Sainte-Marie","active","keep","Listed on 1 live page about the place, with no closure wording.","https://www.martinique.org/fr/bars-restaurants/restaurants/north-beach","1","yes","script","Listed in the tourism board's current sitemap (changed 2026-01-17)"
"61","Obuzz","Ducos","active","keep","Listed on 1 live page about the place, with no closure wording.","https://www.martinique.org/fr/bars-restaurants/restaurants/obuzz","1","yes","script","Source price list ended 2023-12-31 | Listed in the tourism board's current sitemap (changed 2026-09-19)"
"62","People Beach","Sainte-Anne","active","keep","Listed on 1 live page about the place, with no closure wording.","https://www.martinique.org/fr/bars-restaurants/restaurants/people-beach","1","yes","script","Listed in the tourism board's current sitemap (changed 2026-01-17)"
"63","Plein Soleil","Le François","active","keep","Listed on 1 live page about the place, with no closure wording.","https://www.martinique.org/fr/bars-restaurants/restaurants/plein-soleil","1","yes","script","Listed in the tourism board's current sitemap (changed 2026-09-19)"
"64","Quinoa Beach","Case-Pilote","active","keep","Listed on 1 live page about the place, with no closure wording.","https://www.martinique.org/fr/quinoa-beach","1","yes","script","Link redirects to https://www.martinique.org/fr/bars-restaurants/restaurants/quinoa-beach | Listed in the tourism board's current sitemap (changed 2026-09-16)"
"65","Refuge De L'aileron","Le Morne-Rouge","active","keep","Listed on 1 live page about the place, with no closure wording.","https://www.martinique.org/fr/bars-restaurants/restaurants/refuge-de-laileron","1","yes","script","Listed in the tourism board's current sitemap (changed 2026-01-17)"
"66","Restaurant Bòdlanmè","Les Trois-Îlets","active","keep","Listed on 1 live page about the place, with no closure wording.","https://www.martinique.org/fr/bars-restaurants/restaurants/restaurant-bodlanme","1","yes","script","Listed in the tourism board's current sitemap (changed 2026-09-19)"
"67","Restaurant Chez Milo","Le François","active","keep","Listed on 1 live page about the place, with no closure wording.","https://www.martinique.org/fr/bars-restaurants/restaurants/restaurant-chez-milo","1","yes","script","Source price list ended 2021-12-31 | Listed in the tourism board's current sitemap (changed 2026-09-19)"
"68","Restaurant Les Arômes","Le Carbet","active","keep","Listed on 1 live page about the place, with no closure wording.","https://www.martinique.org/fr/bars-restaurants/restaurants/restaurant-les-aromes","1","yes","script","Listed in the tourism board's current sitemap (changed 2026-09-19)"
"69","Tante Arlette","Grand’Rivière","active","keep","Listed on 1 live page about the place, with no closure wording.","https://www.martinique.org/fr/bars-restaurants/restaurants/tante-arlette","1","yes","script","Source price list ended 2023-12-31 | Listed in the tourism board's current sitemap (changed 2026-09-19)"
"70","Ti Payot","Les Anses-d’Arlet","active","keep","Listed on 1 live page about the place, with no closure wording.","https://www.martinique.org/fr/bars-restaurants/restaurants/ti-payot","1","yes","script","Listed in the tourism board's current sitemap (changed 2026-01-17)"
"71","Zanzibar Restaurant","Le Marin","active","keep","Listed on 1 live page about the place, with no closure wording.","https://www.martinique.org/fr/bars-restaurants/restaurants/zanzibar-restaurant","1","yes","script","Listed in the tourism board's current sitemap (changed 2026-09-19)"
"72","Alternative Zen","Le François","active","keep","Listed on 1 live page about the place, with no closure wording.","https://www.martinique.org/fr/que-faire/bien-etre/alternative-zen","1","yes","script","Listed in the tourism board's current sitemap (changed 2026-02-02)"
"73","Aux Bains De Cluny & Spa","Schœlcher","active","keep","Listed on 1 live page about the place, with no closure wording.","https://www.martinique.org/fr/que-faire/bien-etre/aux-bains-de-cluny-spa","1","yes","script","Listed in the tourism board's current sitemap (changed 2026-10-01)"
"74","Bleu Cannelle Institut De Beaute","Le Lamentin","active","keep","Listed on 1 live page about the place, with no closure wording.","https://www.martinique.org/fr/que-faire/bien-etre/bleu-cannelle-institut-de-beaute","1","yes","script","Listed in the tourism board's current sitemap (changed 2026-02-02)"
"75","Bouliki Bio","Saint-Joseph","active","keep","Listed on 1 live page about the place, with no closure wording.","https://www.martinique.org/fr/que-faire/bien-etre/bouliki-bio","1","yes","script","Listed in the tourism board's current sitemap (changed 2026-02-02)"
"76","Centre Aquatique Pierre Samot","Le Lamentin","active","keep","Listed on 1 live page about the place, with no closure wording.","https://www.martinique.org/fr/que-faire/bien-etre/centre-aquatique-pierre-samot","1","yes","script","Source price list ended 2018-12-31 | Listed in the tourism board's current sitemap (changed 2026-10-01)"
"77","Eden Paradise Spa","Sainte-Luce","active","keep","Listed on 1 live page about the place, with no closure wording.","https://www.martinique.org/fr/que-faire/bien-etre/eden-paradise-spa","1","yes","script","Listed in the tourism board's current sitemap (changed 2026-10-01)"
"78","Klo & Dam Massages","Les Trois-Îlets","active","keep","Listed on 1 live page about the place, with no closure wording.","https://www.martinique.org/fr/que-faire/bien-etre/klo-dam-massages","1","yes","script","Listed in the tourism board's current sitemap (changed 2026-10-01)"
"79","La Ferme Attitude","Les Anses-d’Arlet","active","keep","Listed on 1 live page about the place, with no closure wording.","https://www.martinique.org/fr/que-faire/bien-etre/la-ferme-attitude","1","yes","script","Listed in the tourism board's current sitemap (changed 2026-02-02)"
"80","La Villa Victoria","Fort-de-France","active","keep","Listed on 1 live page about the place, with no closure wording.","https://www.martinique.org/fr/que-faire/bien-etre/la-villa-victoria","1","yes","script","Source price list ended 2022-12-31 | Listed in the tourism board's current sitemap (changed 2026-10-01)"
"81","Natur'o Péyi","Le Carbet","active","keep","Listed on 1 live page about the place, with no closure wording.","https://www.martinique.org/fr/que-faire/bien-etre/naturo-peyi","1","yes","script","Listed in the tourism board's current sitemap (changed 2026-01-02)"
"82","Revi","Le Carbet","active","keep","Listed on 1 live page about the place, with no closure wording.","https://www.martinique.org/fr/que-faire/bien-etre/revi","1","yes","script","Source price list ended 2021-12-31 | Listed in the tourism board's current sitemap (changed 2026-10-01)"
"83","Spa Josephine","Les Trois-Îlets","active","keep","Listed on 1 live page about the place, with no closure wording.","https://www.martinique.org/fr/que-faire/bien-etre/spa-josephine","1","yes","script","Listed in the tourism board's current sitemap (changed 2026-02-02)"
"84","Zenergie","Le François","active","keep","Listed on 1 live page about the place, with no closure wording.","https://www.martinique.org/fr/que-faire/bien-etre/zenergie","1","yes","script","Listed in the tourism board's current sitemap (changed 2026-01-02)"
"85","Atelier Culinaire De Tatie Maryse","Saint-Joseph","active","keep","Listed on 1 live page about the place, with no closure wording.","https://www.martinique.org/fr/que-faire/culture-patrimoine/atelier-culinaire-de-tatie-maryse","1","yes","script","Listed in the tourism board's current sitemap (changed 2026-10-01)"
"86","Batterie Sainte Catherine","Schœlcher","active","keep","Listed on 1 live page about the place, with no closure wording.","https://www.martinique.org/fr/que-faire/culture-patrimoine/batterie-sainte-catherine","1","yes","script","Listed in the tourism board's current sitemap (changed 2026-01-02)"
"87","Bèlè An Wout","Fort-de-France","active","keep","Listed on 1 live page about the place, with no closure wording.","https://www.martinique.org/fr/que-faire/culture-patrimoine/bele-wout","1","yes","script","Listed in the tourism board's current sitemap (changed 2026-10-01)"
"88","Caminagua Step Paddle","Les Anses-d’Arlet","active","keep","Listed on 1 live page about the place, with no closure wording.","https://www.martinique.org/fr/que-faire/culture-patrimoine/caminagua-step-paddle","1","yes","script","Source price list ended 2018-12-31 | Listed in the tourism board's current sitemap (changed 2026-10-01)"
"89","Centre De Decouverte Des Sciences De La Terre","Saint-Pierre","active","keep","Listed on 1 live page about the place, with no closure wording.","https://www.martinique.org/fr/que-faire/culture-patrimoine/centre-de-decouverte-des-sciences-de-la-terre","1","yes","script","Listed in the tourism board's current sitemap (changed 2026-10-01)"
"90","Centre D’interprétation Du Patrimoine Paul Gauguin","Le Carbet","active","keep","Listed on 1 live page about the place, with no closure wording.","https://www.martinique.org/fr/que-faire/culture-patrimoine/centre-dinterpretation-du-patrimoine-paul-gauguin","1","yes","script","Listed in the tourism board's current sitemap (changed 2026-10-01)"
"91","Chocolaterie Les Freres Lauzea","Le Lamentin","active","keep","Listed on 1 live page about the place, with no closure wording.","https://www.martinique.org/fr/que-faire/culture-patrimoine/chocolaterie-les-freres-lauzea","1","yes","script","Listed in the tourism board's current sitemap (changed 2026-10-01)"
"92","Christophe Mert","Rivière-Pilote","active","keep","Listed on 1 live page about the place, with no closure wording.","https://www.martinique.org/fr/que-faire/culture-patrimoine/christophe-mert","1","yes","script","Listed in the tourism board's current sitemap (changed 2026-01-02)"
"93","Distillerie A1710","Le François","active","keep","Listed on 1 live page about the place, with no closure wording.","https://www.martinique.org/fr/que-faire/culture-patrimoine/distillerie-a1710","1","yes","script","Listed in the tourism board's current sitemap (changed 2026-10-01)"
"94","Distillerie Depaz","Saint-Pierre","active","keep","Listed on 2 live pages about the place, with no closure wording. Map point differs from the source; review separately.","https://www.martinique.org/fr/que-faire/culture-patrimoine/distillerie-depaz","2","yes","script","Source map point differs: ours ""14.7549809,-61.151971"", source ""14.7507868,-61.168937 (1883 m away)"" | Listed in the tourism board's current sitemap (changed 2026-10-01) | Listed in the tourism board's current sitemap (changed 2026-01-02)"
"95","Distillerie Hardy","La Trinité","active","keep","Listed on 1 live page about the place, with no closure wording.","https://www.martinique.org/fr/que-faire/culture-patrimoine/distillerie-hardy","1","yes","script","Listed in the tourism board's current sitemap (changed 2026-10-01)"
"96","Distillerie Maison La Mauny","Rivière-Pilote","active","keep","Listed on 1 live page about the place, with no closure wording.","https://www.martinique.org/fr/que-faire/culture-patrimoine/distillerie-maison-la-mauny","1","yes","script","Source price list ended 2021-12-31 | Listed in the tourism board's current sitemap (changed 2026-10-01)"
"97","Distillerie Neisson","Le Carbet","active","keep","Listed on 1 live page about the place, with no closure wording.","https://www.martinique.org/fr/que-faire/culture-patrimoine/distillerie-neisson","1","yes","script","Source price list ended 2023-12-31 | Listed in the tourism board's current sitemap (changed 2026-10-01)"
"98","Distillerie St James","Sainte-Marie","active","keep","Listed on 1 live page about the place, with no closure wording.","https://www.martinique.org/fr/que-faire/culture-patrimoine/distillerie-st-james","1","yes","script","Listed in the tourism board's current sitemap (changed 2026-10-01)"
"99","Distillerie Trois Rivieres","Sainte-Luce","active","keep","Listed on 1 live page about the place, with no closure wording.","https://www.martinique.org/fr/que-faire/culture-patrimoine/distillerie-trois-rivieres","1","yes","script","Source price list ended 2024-12-31 | Listed in the tourism board's current sitemap (changed 2026-10-01)"
"100","Explore Martinique (Tété Dwèt)","Fort-de-France","active","keep","Listed on 1 live page about the place, with no closure wording.","https://www.martinique.org/fr/que-faire/culture-patrimoine/explore-martinique-tete-dwet","1","yes","script","Listed in the tourism board's current sitemap (changed 2026-10-01)"
"101","Flags","Saint-Pierre","active","keep","Listed on 1 live page about the place, with no closure wording.","https://www.martinique.org/fr/que-faire/culture-patrimoine/flags","1","yes","script","Listed in the tourism board's current sitemap (changed 2025-10-29)"
"102","Fort Saint Louis","Fort-de-France","active","keep","Listed on 1 live page about the place, with no closure wording.","https://www.martinique.org/fr/que-faire/culture-patrimoine/fort-saint-louis","1","yes","script","Listed in the tourism board's current sitemap (changed 2026-01-02)"
"103","An Griyav-La","Le Robert","active","keep","Listed on 1 live page about the place, with no closure wording.","https://www.martinique.org/fr/que-faire/culture-patrimoine/griyav-la","1","yes","script","Listed in the tourism board's current sitemap (changed 2026-10-01)"
"104","Habdaphai","Le Marin","active","keep","Listed on 1 live page about the place, with no closure wording.","https://www.martinique.org/fr/que-faire/culture-patrimoine/habdaphai","1","yes","script","Listed in the tourism board's current sitemap (changed 2026-01-02)"
"105","Habitation La Salle","Sainte-Marie","draft (unpublished)","keep","Listed on 1 live page about the place, with no closure wording.","https://www.martinique.org/fr/que-faire/culture-patrimoine/habitation-la-salle","1","no","script","Listed in the tourism board's current sitemap (changed 2026-01-02)"
"106","Habitation Saint-Etienne","Gros-Morne","active","keep","Listed on 2 live pages about the place, with no closure wording.","https://www.martinique.org/fr/que-faire/culture-patrimoine/habitation-saint-etienne","2","yes","script","Listed in the tourism board's current sitemap (changed 2026-10-01) | Listed in the tourism board's current sitemap (changed 2026-04-24)"
"107","Ice I Bon","Fort-de-France","active","keep","Listed on 1 live page about the place, with no closure wording.","https://www.martinique.org/fr/que-faire/culture-patrimoine/ice-i-bon","1","yes","script","Listed in the tourism board's current sitemap (changed 2026-10-01)"
"108","Idyllik Punch","Ducos","active","keep","Listed on 1 live page about the place, with no closure wording.","https://www.martinique.org/fr/que-faire/culture-patrimoine/idyllik-punch","1","yes","script","Listed in the tourism board's current sitemap (changed 2026-10-01)"
"109","La Conserverie Creole","Sainte-Marie","active","keep","Listed on 1 live page about the place, with no closure wording.","https://www.martinique.org/fr/que-faire/culture-patrimoine/la-conserverie-creole","1","yes","script","Listed in the tourism board's current sitemap (changed 2026-10-01)"
"110","La Fontaine Et La Rue Levassor","Saint-Pierre","active","keep","Listed on 1 live page about the place, with no closure wording.","https://www.martinique.org/fr/que-faire/culture-patrimoine/la-fontaine-et-la-rue-levassor","1","yes","script","Listed in the tourism board's current sitemap (changed 2025-10-29)"
"111","La Poudière Trouvaillant","Saint-Pierre","active","keep","Listed on 1 live page about the place, with no closure wording.","https://www.martinique.org/fr/que-faire/culture-patrimoine/la-poudiere-trouvaillant","1","yes","script","Listed in the tourism board's current sitemap (changed 2025-10-29)"
"112","La Tombe De La Mère Onésime","Saint-Pierre","active","keep","Listed on 1 live page about the place, with no closure wording.","https://www.martinique.org/fr/que-faire/culture-patrimoine/la-tombe-de-la-mere-onesime","1","yes","script","Listed in the tourism board's current sitemap (changed 2025-10-29)"
"113","Le Marché Couvert","Saint-Pierre","active","keep","Listed on 1 live page about the place, with no closure wording.","https://www.martinique.org/fr/que-faire/culture-patrimoine/le-marche-couvert","1","yes","script","Listed in the tourism board's current sitemap (changed 2026-01-02)"
"114","Le Monde Des Epices / Bénédicte Chocolats","Le Lamentin","active","keep","Listed on 1 live page about the place, with no closure wording.","https://www.martinique.org/fr/que-faire/culture-patrimoine/le-monde-des-epices-benedicte-chocolats","1","yes","script","Listed in the tourism board's current sitemap (changed 2026-10-01)"
"115","Le Petit Train De Belfort","Le Lamentin","active","keep","Listed on 1 live page about the place, with no closure wording.","https://www.martinique.org/fr/que-faire/culture-patrimoine/le-petit-train-de-belfort","1","yes","script","Listed in the tourism board's current sitemap (changed 2026-10-01)"
"116","Le Théâtre","Saint-Pierre","active","keep","Listed on 1 live page about the place, with no closure wording.","https://www.martinique.org/fr/que-faire/culture-patrimoine/le-theatre","1","yes","script","Listed in the tourism board's current sitemap (changed 2025-10-29)"
"117","L'église Du Fort","Saint-Pierre","active","keep","Listed on 1 live page about the place, with no closure wording.","https://www.martinique.org/fr/que-faire/culture-patrimoine/leglise-du-fort","1","yes","script","Listed in the tourism board's current sitemap (changed 2025-10-29)"
"118","Les Bureaux Du Génie Civil","Saint-Pierre","active","keep","Listed on 1 live page about the place, with no closure wording.","https://www.martinique.org/fr/que-faire/culture-patrimoine/les-bureaux-du-genie-civil","1","yes","script","Listed in the tourism board's current sitemap (changed 2025-10-29)"
"119","Les Rails De La Canne A Sucre","Sainte-Marie","active","keep","Listed on 1 live page about the place, with no closure wording.","https://www.martinique.org/fr/que-faire/culture-patrimoine/les-rails-de-la-canne-sucre","1","yes","script","Source price list ended 2016-12-31 | Listed in the tourism board's current sitemap (changed 2026-10-01)"
"120","Maison Du Cacao Martinique - Valcaco","Le Lorrain","active","keep","Listed on 1 live page about the place, with no closure wording.","https://www.martinique.org/fr/que-faire/culture-patrimoine/maison-du-cacao-martinique-valcaco","1","yes","script","Listed in the tourism board's current sitemap (changed 2026-10-01)"
"121","Mémorial De La Catastrophe De 1902 - Musée Frank A. Perret","Saint-Pierre","active","keep","Listed on 1 live page about the place, with no closure wording.","https://www.martinique.org/fr/que-faire/culture-patrimoine/memorial-de-la-catastrophe-de-1902-musee-frank-perret","1","yes","script","Listed in the tourism board's current sitemap (changed 2026-10-01)"
"122","Musee Du Pere Pinchon","Fort-de-France","draft (unpublished)","keep","Listed on 1 live page about the place, with no closure wording.","https://www.martinique.org/fr/que-faire/culture-patrimoine/musee-du-pere-pinchon","1","no","script","Listed in the tourism board's current sitemap (changed 2026-04-30)"
"123","Place Hurrard","Le François","active","keep","Listed on 1 live page about the place, with no closure wording.","https://www.martinique.org/fr/que-faire/culture-patrimoine/place-hurrard","1","yes","script","Listed in the tourism board's current sitemap (changed 2026-10-01)"
"124","Qv Tropicale","Le François","active","keep","Listed on 1 live page about the place, with no closure wording.","https://www.martinique.org/fr/que-faire/culture-patrimoine/qv-tropicale","1","yes","script","Listed in the tourism board's current sitemap (changed 2026-10-01)"
"125","Rhum Braud Et Quenesson","Le Marin","active","keep","Listed on 1 live page about the place, with no closure wording.","https://www.martinique.org/fr/que-faire/culture-patrimoine/rhum-braud-et-quenesson","1","yes","script","Listed in the tourism board's current sitemap (changed 2026-10-01)"
"126","Rhum Jm - Distillerie De Fonds Preville","Macouba","active","keep","Listed on 1 live page about the place, with no closure wording.","https://www.martinique.org/fr/que-faire/culture-patrimoine/rhum-jm-distillerie-de-fonds-preville","1","yes","script","Listed in the tourism board's current sitemap (changed 2026-10-01)"
"127","Rhums Baie Des Trésors - Habitation Le Galion","La Trinité","active","keep","Listed on 1 live page about the place, with no closure wording.","https://www.martinique.org/fr/que-faire/culture-patrimoine/rhums-baie-des-tresors-habitation-le-galion","1","yes","script","Listed in the tourism board's current sitemap (changed 2026-10-01)"
"128","Tropic Reset","Sainte-Luce","active","keep","Listed on 1 live page about the place, with no closure wording.","https://www.martinique.org/fr/que-faire/culture-patrimoine/tropic-reset","1","yes","script","Listed in the tourism board's current sitemap (changed 2026-08-09)"
"129","Coeur Bouliki","Saint-Joseph","active","keep","Listed on 1 live page about the place, with no closure wording.","https://www.martinique.org/fr/que-faire/nature-environnement/coeur-bouliki","1","yes","script","Link redirects to https://www.martinique.org/fr/que-faire/sites-naturels-publics/coeur-bouliki | Listed in the tourism board's current sitemap (changed 2026-10-01)"
"130","Sentier De La Cascade Couleuvre","Le Prêcheur","active","keep","Listed on 1 live page about the place, with no closure wording.","https://www.martinique.org/fr/que-faire/nature-environnement/sentier-de-la-cascade-couleuvre","1","yes","script","Link redirects to https://www.martinique.org/fr/que-faire/sites-naturels-publics/sentier-de-la-cascade-couleuvre | Listed in the tourism board's current sitemap (changed 2026-10-01)"
"131","Ka Maché","Fort-de-France","active","keep","Listed on 1 live page about the place, with no closure wording.","https://www.martinique.org/fr/que-faire/randonnees/ka-mache","1","yes","script","Listed in the tourism board's current sitemap (changed 2026-09-19)"
"132","Kaiali Excursions","L’Ajoupa-Bouillon","active","keep","Listed on 1 live page about the place, with no closure wording.","https://www.martinique.org/fr/que-faire/randonnees/kaiali-excursions","1","yes","script","Listed in the tourism board's current sitemap (changed 2026-09-08)"
"133","Martinique Best Secret","Saint-Joseph","active","keep","Listed on 1 live page about the place, with no closure wording.","https://www.martinique.org/fr/que-faire/randonnees/martinique-best-secret","1","yes","script","Listed in the tourism board's current sitemap (changed 2026-06-16)"
"134","Rando/Training/Brunch","Le Morne-Vert","draft (unpublished)","keep","Listed on 1 live page about the place, with no closure wording.","https://www.martinique.org/fr/que-faire/randonnees/randotrainingbrunch","1","no","script","Listed in the tourism board's current sitemap (changed 2026-01-02)"
"135","Anse Azerot","Sainte-Marie","active","keep","Listed on 1 live page about the place, with no closure wording.","https://www.martinique.org/fr/que-faire/sites-naturels-publics/anse-azerot","1","yes","script","Listed in the tourism board's current sitemap (changed 2026-10-01)"
"136","Anse Caritan","Sainte-Anne","active","keep","Listed on 1 live page about the place, with no closure wording.","https://www.martinique.org/fr/que-faire/sites-naturels-publics/anse-caritan","1","yes","script","Listed in the tourism board's current sitemap (changed 2026-10-01)"
"137","Anse Ceron","Le Prêcheur","active","keep","Listed on 1 live page about the place, with no closure wording.","https://www.martinique.org/fr/que-faire/sites-naturels-publics/anse-ceron","1","yes","script","Listed in the tourism board's current sitemap (changed 2026-10-01)"
"138","Anse Couleuvre","Le Prêcheur","active","keep","Listed on 1 live page about the place, with no closure wording.","https://www.martinique.org/fr/que-faire/sites-naturels-publics/anse-couleuvre","1","yes","script","Listed in the tourism board's current sitemap (changed 2026-10-01)"
"139","Anse Desert","Sainte-Luce","active","keep","Listed on 1 live page about the place, with no closure wording.","https://www.martinique.org/fr/que-faire/sites-naturels-publics/anse-desert","1","yes","script","Listed in the tourism board's current sitemap (changed 2026-10-01)"
"140","Anse Du Carbet","Le Carbet","active","keep","Listed on 1 live page about the place, with no closure wording.","https://www.martinique.org/fr/que-faire/sites-naturels-publics/anse-du-carbet","1","yes","script","Listed in the tourism board's current sitemap (changed 2026-10-01)"
"141","Anse Dufour","Les Anses-d’Arlet","active","keep","Listed on 1 live page about the place, with no closure wording.","https://www.martinique.org/fr/que-faire/sites-naturels-publics/anse-dufour","1","yes","script","Listed in the tourism board's current sitemap (changed 2026-10-01)"
"142","Anse Figuier","Rivière-Pilote","active","keep","Listed on 1 live page about the place, with no closure wording.","https://www.martinique.org/fr/que-faire/sites-naturels-publics/anse-figuier","1","yes","script","Listed in the tourism board's current sitemap (changed 2026-10-01)"
"143","Anse Grand Macabou","Le Vauclin","active","keep","Listed on 1 live page about the place, with no closure wording.","https://www.martinique.org/fr/que-faire/sites-naturels-publics/anse-grand-macabou","1","yes","script","Listed in the tourism board's current sitemap (changed 2026-10-01)"
"144","Anse A L'ane","Les Trois-Îlets","active","keep","Listed on 1 live page about the place, with no closure wording.","https://www.martinique.org/fr/que-faire/sites-naturels-publics/anse-lane","1","yes","script","Listed in the tourism board's current sitemap (changed 2026-10-01)"
"145","Anse L'etang","La Trinité","active","keep","Listed on 1 live page about the place, with no closure wording.","https://www.martinique.org/fr/que-faire/sites-naturels-publics/anse-letang","1","yes","script","Listed in the tourism board's current sitemap (changed 2026-10-01)"
"146","Anse Mabouya","Sainte-Luce","active","keep","Listed on 1 live page about the place, with no closure wording.","https://www.martinique.org/fr/que-faire/sites-naturels-publics/anse-mabouya","1","yes","script","Listed in the tourism board's current sitemap (changed 2026-10-01)"
"147","Anse Madame","Schœlcher","active","keep","Listed on 1 live page about the place, with no closure wording.","https://www.martinique.org/fr/que-faire/sites-naturels-publics/anse-madame","1","yes","script","Listed in the tourism board's current sitemap (changed 2026-10-01)"
"148","Anse Meunier","Sainte-Anne","active","keep","Listed on 1 live page about the place, with no closure wording.","https://www.martinique.org/fr/que-faire/sites-naturels-publics/anse-meunier","1","yes","script","Listed in the tourism board's current sitemap (changed 2026-10-01)"
"149","Anse Michel","Sainte-Anne","active","keep","Listed on 1 live page about the place, with no closure wording.","https://www.martinique.org/fr/que-faire/sites-naturels-publics/anse-michel","1","yes","script","Listed in the tourism board's current sitemap (changed 2026-10-01)"
"150","Anse Mitan","Les Trois-Îlets","active","keep","Listed on 1 live page about the place, with no closure wording.","https://www.martinique.org/fr/que-faire/sites-naturels-publics/anse-mitan","1","yes","script","Listed in the tourism board's current sitemap (changed 2026-10-01)"
"151","Anse Noire","Les Anses-d’Arlet","active","keep","Listed on 1 live page about the place, with no closure wording.","https://www.martinique.org/fr/que-faire/sites-naturels-publics/anse-noire","1","yes","script","Listed in the tourism board's current sitemap (changed 2026-10-01)"
"152","Anse Petit Macabou","Le Vauclin","active","keep","Listed on 1 live page about the place, with no closure wording.","https://www.martinique.org/fr/que-faire/sites-naturels-publics/anse-petit-macabou","1","yes","script","Listed in the tourism board's current sitemap (changed 2026-10-01)"
"153","Anse Trabaud","Sainte-Anne","active","keep","The source describes reaching the beach by a track across private land with a 2.50 € per-car toll. That is a note about access, not a closure. (manual review, 2026-10-02; script said uncertain)","https://www.martinique.org/fr/que-faire/sites-naturels-publics/anse-trabaud","1","yes","manual",""
"154","Cap Est","Le François","active","keep","Listed on 1 live page about the place, with no closure wording.","https://www.martinique.org/fr/que-faire/sites-naturels-publics/cap-est","1","yes","script","Listed in the tourism board's current sitemap (changed 2026-10-01)"
"155","Cap Macre","Le Marin","active","keep","Listed on 1 live page about the place, with no closure wording.","https://www.martinique.org/fr/que-faire/sites-naturels-publics/cap-macre","1","yes","script","Listed in the tourism board's current sitemap (changed 2026-10-01)"
"156","Cascade""An Ba So""","Schœlcher","active","keep","Listed on 1 live page about the place, with no closure wording.","https://www.martinique.org/fr/que-faire/sites-naturels-publics/cascadean-ba-so","1","yes","script","Listed in the tourism board's current sitemap (changed 2026-10-01)"
"157","Comité De La Randonnée Pédestre De La Martinique","Fort-de-France","active","keep","Listed on 1 live page about the place, with no closure wording.","https://www.martinique.org/fr/que-faire/sites-naturels-publics/comite-de-la-randonnee-pedestre-de-la-martinique","1","yes","script","Listed in the tourism board's current sitemap (changed 2025-10-29)"
"158","Corps De Garde","Sainte-Luce","active","keep","Listed on 1 live page about the place, with no closure wording.","https://www.martinique.org/fr/que-faire/sites-naturels-publics/corps-de-garde","1","yes","script","Listed in the tourism board's current sitemap (changed 2026-10-01)"
"159","Etang Des Salines","Sainte-Anne","active","keep","Listed on 1 live page about the place, with no closure wording.","https://www.martinique.org/fr/que-faire/sites-naturels-publics/etang-des-salines","1","yes","script","Listed in the tourism board's current sitemap (changed 2026-10-01)"
"160","Fond Banane","Sainte-Luce","active","keep","Listed on 1 live page about the place, with no closure wording.","https://www.martinique.org/fr/que-faire/sites-naturels-publics/fond-banane","1","yes","script","Listed in the tourism board's current sitemap (changed 2026-10-01)"
"161","Foret De Montravail","Sainte-Luce","active","keep","Listed on 1 live page about the place, with no closure wording.","https://www.martinique.org/fr/que-faire/sites-naturels-publics/foret-de-montravail","1","yes","script","Listed in the tourism board's current sitemap (changed 2026-10-01)"
"162","Foret Vatable","Les Trois-Îlets","active","keep","Listed on 1 live page about the place, with no closure wording.","https://www.martinique.org/fr/que-faire/sites-naturels-publics/foret-vatable","1","yes","script","Listed in the tourism board's current sitemap (changed 2026-10-01)"
"163","Grande Anse D'arlet","Les Anses-d’Arlet","active","keep","Listed on 1 live page about the place, with no closure wording.","https://www.martinique.org/fr/que-faire/sites-naturels-publics/grande-anse-darlet","1","yes","script","Listed in the tourism board's current sitemap (changed 2026-10-01)"
"164","Gros Raisin","Sainte-Luce","active","keep","Listed on 1 live page about the place, with no closure wording.","https://www.martinique.org/fr/que-faire/sites-naturels-publics/gros-raisin","1","yes","script","Listed in the tourism board's current sitemap (changed 2026-10-01)"
"165","Jardin Atoumo","Fort-de-France","active","keep","Listed on 1 live page about the place, with no closure wording.","https://www.martinique.org/fr/que-faire/sites-naturels-publics/jardin-atoumo","1","yes","script","Source price list ended 2021-12-31 | Listed in the tourism board's current sitemap (changed 2026-10-01)"
"166","La Breche","La Trinité","active","keep","Listed on 1 live page about the place, with no closure wording.","https://www.martinique.org/fr/que-faire/sites-naturels-publics/la-breche","1","yes","script","Listed in the tourism board's current sitemap (changed 2026-10-01)"
"167","Lakou A","Gros-Morne","active","keep","Listed on 1 live page about the place, with no closure wording.","https://www.martinique.org/fr/que-faire/sites-naturels-publics/lakou","1","yes","script","Listed in the tourism board's current sitemap (changed 2026-03-24)"
"168","Le Domaine De La Vallée","Le Morne-Rouge","active","keep","Listed on 1 live page about the place, with no closure wording.","https://www.martinique.org/fr/que-faire/sites-naturels-publics/le-domaine-de-la-vallee","1","yes","script","Listed in the tourism board's current sitemap (changed 2026-10-01)"
"169","Le Domaine D’émeraude","Le Morne-Rouge","active","keep","Listed on 1 live page about the place, with no closure wording.","https://www.martinique.org/fr/que-faire/sites-naturels-publics/le-domaine-demeraude","1","yes","script","Listed in the tourism board's current sitemap (changed 2026-03-24)"
"170","Le Trou Caraibe","Le Carbet","active","keep","Listed on 1 live page about the place, with no closure wording.","https://www.martinique.org/fr/que-faire/sites-naturels-publics/le-trou-caraibe","1","yes","script","Listed in the tourism board's current sitemap (changed 2026-10-01)"
"171","Les Jardins De Denel","Gros-Morne","active","keep","Listed on 1 live page about the place, with no closure wording.","https://www.martinique.org/fr/que-faire/sites-naturels-publics/les-jardins-de-denel","1","yes","script","Listed in the tourism board's current sitemap (changed 2026-09-02)"
"172","Les Pitons Du Carbet","Le Carbet","active","keep","Listed on 1 live page about the place, with no closure wording.","https://www.martinique.org/fr/que-faire/sites-naturels-publics/les-pitons-du-carbet","1","yes","script","Listed in the tourism board's current sitemap (changed 2026-10-01)"
"173","L'îlet Sainte Marie Et Son Tombolo","Sainte-Marie","active","keep","Listed on 1 live page about the place, with no closure wording.","https://www.martinique.org/fr/que-faire/sites-naturels-publics/lilet-sainte-marie-et-son-tombolo","1","yes","script","Listed in the tourism board's current sitemap (changed 2026-10-01)"
"174","An Mao Héritage","Le Marin","active","keep","Listed on 1 live page about the place, with no closure wording.","https://www.martinique.org/fr/que-faire/sites-naturels-publics/mao-heritage","1","yes","script","Source price list ended 2021-12-31 | Listed in the tourism board's current sitemap (changed 2026-10-01)"
"175","Plage De Bateliere","Schœlcher","active","keep","Listed on 1 live page about the place, with no closure wording.","https://www.martinique.org/fr/que-faire/sites-naturels-publics/plage-de-bateliere","1","yes","script","Listed in the tourism board's current sitemap (changed 2026-10-01)"
"176","Plage De Cosmy","La Trinité","active","keep","Listed on 1 live page about the place, with no closure wording.","https://www.martinique.org/fr/que-faire/sites-naturels-publics/plage-de-cosmy","1","yes","script","Listed in the tourism board's current sitemap (changed 2026-10-01)"
"177","Plage De Dizac","Le Diamant","active","keep","Listed on 1 live page about the place, with no closure wording.","https://www.martinique.org/fr/que-faire/sites-naturels-publics/plage-de-dizac","1","yes","script","Listed in the tourism board's current sitemap (changed 2026-10-01)"
"178","Plage Pointe La Rose","Le Robert","active","keep","Listed on 1 live page about the place, with no closure wording.","https://www.martinique.org/fr/que-faire/sites-naturels-publics/plage-pointe-la-rose","1","yes","script","Listed in the tourism board's current sitemap (changed 2026-10-01)"
"179","Point De Vue Du Morne Gommier - Vision Panoramique À 360°","Le Marin","active","keep","Listed on 1 live page about the place, with no closure wording.","https://www.martinique.org/fr/que-faire/sites-naturels-publics/point-de-vue-du-morne-gommier-vision-panoramique-360deg","1","yes","script","Listed in the tourism board's current sitemap (changed 2026-10-01)"
"180","Pointe Faula","Le Vauclin","active","keep","Listed on 1 live page about the place, with no closure wording.","https://www.martinique.org/fr/que-faire/sites-naturels-publics/pointe-faula","1","yes","script","Listed in the tourism board's current sitemap (changed 2026-10-01)"
"181","Pointe Marin","Sainte-Anne","active","keep","Listed on 1 live page about the place, with no closure wording.","https://www.martinique.org/fr/que-faire/sites-naturels-publics/pointe-marin","1","yes","script","Listed in the tourism board's current sitemap (changed 2026-10-01)"
"182","Pont Cafe","Sainte-Luce","active","keep","Listed on 1 live page about the place, with no closure wording.","https://www.martinique.org/fr/que-faire/sites-naturels-publics/pont-cafe","1","yes","script","Listed in the tourism board's current sitemap (changed 2026-10-01)"
"183","Tartane","La Trinité","active","keep","Listed on 1 live page about the place, with no closure wording.","https://www.martinique.org/fr/que-faire/sites-naturels-publics/tartane","1","yes","script","Listed in the tourism board's current sitemap (changed 2026-10-01)"
"184","Vanille Volkanik","Le Morne-Rouge","active","keep","Listed on 1 live page about the place, with no closure wording.","https://www.martinique.org/fr/que-faire/sites-naturels-publics/vanille-volkanik","1","yes","script","Listed in the tourism board's current sitemap (changed 2026-04-09)"
"185","Zoo De Martinique-Habitation Anse Latouche","Le Carbet","active","keep","Listed on 1 live page about the place, with no closure wording.","https://www.martinique.org/fr/que-faire/sites-naturels-publics/zoo-de-martinique-habitation-anse-latouche","1","yes","script","Listed in the tourism board's current sitemap (changed 2026-03-24)"
"186","Abaca Dive  -  Espace Plongée Martinique","Les Trois-Îlets","active","keep","Listed on 1 live page about the place, with no closure wording.","https://www.martinique.org/fr/que-faire/sports-activites-nautiques/abaca-dive-espace-plongee-martinique","1","yes","script","Listed in the tourism board's current sitemap (changed 2026-10-01)"
"187","Abc Dive Plongée Martinique","Les Trois-Îlets","active","keep","Listed on 1 live page about the place, with no closure wording.","https://www.martinique.org/fr/que-faire/sports-activites-nautiques/abc-dive-plongee-martinique","1","yes","script","Source price list ended 2023-12-20 | Listed in the tourism board's current sitemap (changed 2026-10-01)"
"188","Activites Martinique","Les Trois-Îlets","active","keep","Listed on 1 live page about the place, with no closure wording.","https://www.martinique.org/fr/que-faire/sports-activites-nautiques/activites-martinique","1","yes","script","Listed in the tourism board's current sitemap (changed 2026-01-02)"
"189","Adventur'o","Le Vauclin","active","keep","Listed on 1 live page about the place, with no closure wording.","https://www.martinique.org/fr/que-faire/sports-activites-nautiques/adventuro","1","yes","script","Source price list ended 2022-12-31 | Listed in the tourism board's current sitemap (changed 2026-10-01)"
"190","Alize Fun Martinique","Sainte-Anne","active","keep","Listed on 1 live page about the place, with no closure wording.","https://www.martinique.org/fr/que-faire/sports-activites-nautiques/alize-fun-martinique","1","yes","script","Listed in the tourism board's current sitemap (changed 2026-10-01)"
"191","Alizés Yoles","Le Marin","active","keep","Listed on 1 live page about the place, with no closure wording.","https://www.martinique.org/fr/que-faire/sports-activites-nautiques/alizes-yoles","1","yes","script","Listed in the tourism board's current sitemap (changed 2026-10-01)"
"192","Alpha Plongée Martinique","Les Anses-d’Arlet","active","keep","Listed on 1 live page about the place, with no closure wording.","https://www.martinique.org/fr/que-faire/sports-activites-nautiques/alpha-plongee-martinique","1","yes","script","Listed in the tourism board's current sitemap (changed 2026-10-01)"
"193","Amphitrite","Case-Pilote","active","keep","Listed on 1 live page about the place, with no closure wording.","https://www.martinique.org/fr/que-faire/sports-activites-nautiques/amphitrite","1","yes","script","Source price list ended 2025-12-31 | Listed in the tourism board's current sitemap (changed 2026-10-01)"
"194","Aqua Xs","Le Robert","active","keep","Listed on 1 live page about the place, with no closure wording.","https://www.martinique.org/fr/que-faire/sports-activites-nautiques/aqua-xs","1","yes","script","Listed in the tourism board's current sitemap (changed 2026-10-01)"
"195","Atao Plongée","Les Anses-d’Arlet","active","keep","Listed on 1 live page about the place, with no closure wording.","https://www.martinique.org/fr/que-faire/sports-activites-nautiques/atao-plongee","1","yes","script","Listed in the tourism board's current sitemap (changed 2026-10-01)"
"196","Atcm Freedom (Initiation Yole)","Sainte-Luce","active","keep","Listed on 1 live page about the place, with no closure wording.","https://www.martinique.org/fr/que-faire/sports-activites-nautiques/atcm-freedom-initiation-yole","1","yes","script","Listed in the tourism board's current sitemap (changed 2026-06-21)"
"197","Au Fil Des Anses","Grand’Rivière","active","keep","Listed on 1 live page about the place, with no closure wording.","https://www.martinique.org/fr/que-faire/sports-activites-nautiques/au-fil-des-anses","1","yes","script","Listed in the tourism board's current sitemap (changed 2026-01-02)"
"198","Azur Kite","Le François","active","keep","Listed on 1 live page about the place, with no closure wording.","https://www.martinique.org/fr/que-faire/sports-activites-nautiques/azur-kite","1","yes","script","Listed in the tourism board's current sitemap (changed 2026-10-01)"
"199","Balade Nature Alpha","Les Trois-Îlets","active","keep","Listed on 1 live page about the place, with no closure wording.","https://www.martinique.org/fr/que-faire/sports-activites-nautiques/balade-nature-alpha","1","yes","script","Listed in the tourism board's current sitemap (changed 2026-01-02)"
"200","Baz'notik : Kitesurf Wingfoil Windsurf","Les Trois-Îlets","active","keep","Listed on 1 live page about the place, with no closure wording.","https://www.martinique.org/fr/que-faire/sports-activites-nautiques/baznotik-kitesurf-wingfoil-windsurf","1","yes","script","Listed in the tourism board's current sitemap (changed 2026-10-01)"
"201","Bbq Donuts Boat","Le Marin","active","keep","Listed on 1 live page about the place, with no closure wording.","https://www.martinique.org/fr/que-faire/sports-activites-nautiques/bbq-donuts-boat","1","yes","script","Listed in the tourism board's current sitemap (changed 2026-10-01)"
"202","Bèbèche - Balade En Mer","Sainte-Anne","active","keep","Listed on 1 live page about the place, with no closure wording.","https://www.martinique.org/fr/que-faire/sports-activites-nautiques/bebeche-balade-en-mer","1","yes","script","Listed in the tourism board's current sitemap (changed 2026-01-02)"
"203","Bel Mondo","Le Marin","active","keep","Listed on 1 live page about the place, with no closure wording.","https://www.martinique.org/fr/que-faire/sports-activites-nautiques/bel-mondo","1","yes","script","Listed in the tourism board's current sitemap (changed 2026-01-02)"
"204","Bleue Evasion","Les Trois-Îlets","active","keep","Listed on 1 live page about the place, with no closure wording.","https://www.martinique.org/fr/que-faire/sports-activites-nautiques/bleue-evasion","1","yes","script","Source price list ended 2023-12-31 | Listed in the tourism board's current sitemap (changed 2026-10-01)"
"205","Blue Dream Croisières","Les Trois-Îlets","active","keep","Listed on 1 live page about the place, with no closure wording.","https://www.martinique.org/fr/que-faire/sports-activites-nautiques/blue-dream-croisieres","1","yes","script","Listed in the tourism board's current sitemap (changed 2026-01-02)"
"206","Blue Lagoon Kitesurf","Le Vauclin","active","keep","Listed on 1 live page about the place, with no closure wording.","https://www.martinique.org/fr/que-faire/sports-activites-nautiques/blue-lagoon-kitesurf","1","yes","script","Listed in the tourism board's current sitemap (changed 2026-10-01)"
"207","Boucaniers Diving","Sainte-Anne","active","keep","Listed on 1 live page about the place, with no closure wording.","https://www.martinique.org/fr/que-faire/sports-activites-nautiques/boucaniers-diving","1","yes","script","Listed in the tourism board's current sitemap (changed 2026-01-02)"
"208","Bubble Dive Plongée","Les Anses-d’Arlet","active","keep","Listed on 1 live page about the place, with no closure wording.","https://www.martinique.org/fr/que-faire/sports-activites-nautiques/bubble-dive-plongee","1","yes","script","Listed in the tourism board's current sitemap (changed 2026-10-01)"
"209","C Jet Ski","Le François","active","keep","Listed on 1 live page about the place, with no closure wording.","https://www.martinique.org/fr/que-faire/sports-activites-nautiques/c-jet-ski","1","yes","script","Listed in the tourism board's current sitemap (changed 2026-01-02)"
"210","Calypso-Croisieres","Les Anses-d’Arlet","active","keep","Listed on 1 live page about the place, with no closure wording.","https://www.martinique.org/fr/que-faire/sports-activites-nautiques/calypso-croisieres","1","yes","script","Listed in the tourism board's current sitemap (changed 2026-10-01)"
"211","Calypso Plongee","Les Trois-Îlets","active","keep","Listed on 1 live page about the place, with no closure wording.","https://www.martinique.org/fr/que-faire/sports-activites-nautiques/calypso-plongee","1","yes","script","Listed in the tourism board's current sitemap (changed 2026-01-02)"
"212","Canopee Bleue","Les Anses-d’Arlet","active","keep","Listed on 1 live page about the place, with no closure wording.","https://www.martinique.org/fr/que-faire/sports-activites-nautiques/canopee-bleue","1","yes","script","Source price list ended 2023-12-31 | Listed in the tourism board's current sitemap (changed 2026-10-01)"
"213","Captain Didicô","Le Robert","active","keep","Listed on 1 live page about the place, with no closure wording.","https://www.martinique.org/fr/que-faire/sports-activites-nautiques/captain-didico","1","yes","script","Listed in the tourism board's current sitemap (changed 2026-01-02)"
"214","Caraibes Sailing Association","Les Trois-Îlets","active","keep","Listed on 1 live page about the place, with no closure wording.","https://www.martinique.org/fr/que-faire/sports-activites-nautiques/caraibes-sailing-association","1","yes","script","Listed in the tourism board's current sitemap (changed 2026-01-02)"
"215","Centrale Du Bateau","Le Marin","active","keep","Listed on 1 live page about the place, with no closure wording.","https://www.martinique.org/fr/que-faire/sports-activites-nautiques/centrale-du-bateau","1","yes","script","Listed in the tourism board's current sitemap (changed 2026-10-01)"
"216","Cks Martinique / Cora Kite School","Le François","active","keep","Listed on 1 live page about the place, with no closure wording.","https://www.martinique.org/fr/que-faire/sports-activites-nautiques/cks-martinique-cora-kite-school","1","yes","script","Listed in the tourism board's current sitemap (changed 2026-10-01)"
"217","Club De Plongee De La Bateliere","Schœlcher","active","keep","Listed on 1 live page about the place, with no closure wording.","https://www.martinique.org/fr/que-faire/sports-activites-nautiques/club-de-plongee-de-la-bateliere","1","yes","script","Listed in the tourism board's current sitemap (changed 2026-03-10)"
"218","Club Nautique Du Vauclin","Le Vauclin","active","keep","Listed on 1 live page about the place, with no closure wording.","https://www.martinique.org/fr/que-faire/sports-activites-nautiques/club-nautique-du-vauclin","1","yes","script","Listed in the tourism board's current sitemap (changed 2026-10-01)"
"219","Club Subaquatique De Case-Pilote","Case-Pilote","active","keep","Listed on 1 live page about the place, with no closure wording.","https://www.martinique.org/fr/que-faire/sports-activites-nautiques/club-subaquatique-de-case-pilote","1","yes","script","Listed in the tourism board's current sitemap (changed 2026-01-02)"
"220","Coco Fly","Les Trois-Îlets","active","keep","Listed on 1 live page about the place, with no closure wording.","https://www.martinique.org/fr/que-faire/sports-activites-nautiques/coco-fly","1","yes","script","Source price list ended 2014-12-31 | Listed in the tourism board's current sitemap (changed 2026-10-01)"
"221","Corail Club Caraibes","Les Trois-Îlets","active","keep","Listed on 1 live page about the place, with no closure wording.","https://www.martinique.org/fr/que-faire/sports-activites-nautiques/corail-club-caraibes","1","yes","script","Listed in the tourism board's current sitemap (changed 2026-10-01)"
"222","Cote Au Vent","Le François","active","keep","Listed on 1 live page about the place, with no closure wording.","https://www.martinique.org/fr/que-faire/sports-activites-nautiques/cote-au-vent","1","yes","script","Source price list ended 2023-12-31 | Listed in the tourism board's current sitemap (changed 2026-10-01)"
"223","Dauphins Emotion Excursion","Le Diamant","active","keep","Listed on 1 live page about the place, with no closure wording.","https://www.martinique.org/fr/que-faire/sports-activites-nautiques/dauphins-emotion-excursion","1","yes","script","Listed in the tourism board's current sitemap (changed 2026-01-02)"
"224","Dauphins Martinique","Les Trois-Îlets","active","keep","Listed on 1 live page about the place, with no closure wording.","https://www.martinique.org/fr/que-faire/sports-activites-nautiques/dauphins-martinique","1","yes","script","Listed in the tourism board's current sitemap (changed 2026-09-05)"
"225","David Dauphins","Les Trois-Îlets","active","keep","Listed on 1 live page about the place, with no closure wording.","https://www.martinique.org/fr/que-faire/sports-activites-nautiques/david-dauphins","1","yes","script","Listed in the tourism board's current sitemap (changed 2026-10-01)"
"226","Deep Turtle Plongee","Les Anses-d’Arlet","active","keep","Listed on 1 live page about the place, with no closure wording.","https://www.martinique.org/fr/que-faire/sports-activites-nautiques/deep-turtle-plongee","1","yes","script","Listed in the tourism board's current sitemap (changed 2026-10-01)"
"227","Denebola","Le Robert","active","keep","Listed on 2 live pages about the place, with no closure wording.","https://www.martinique.org/fr/que-faire/sports-activites-nautiques/denebola","2","yes","script","Listed in the tourism board's current sitemap (changed 2026-07-01) | Listed in the tourism board's current sitemap (changed 2026-10-01)"
"228","Denis Excursions","Le François","active","keep","Listed on 1 live page about the place, with no closure wording.","https://www.martinique.org/fr/que-faire/sports-activites-nautiques/denis-excursions","1","yes","script","Listed in the tourism board's current sitemap (changed 2026-01-02)"
"229","Diaj","Le Carbet","active","keep","Listed on 1 live page about the place, with no closure wording.","https://www.martinique.org/fr/que-faire/sports-activites-nautiques/diaj","1","yes","script","Listed in the tourism board's current sitemap (changed 2026-01-02)"
"230","An Dlo","Le Diamant","active","keep","Listed on 1 live page about the place, with no closure wording.","https://www.martinique.org/fr/que-faire/sports-activites-nautiques/dlo","1","yes","script","Listed in the tourism board's current sitemap (changed 2026-10-01)"
"231","Donuts Bbq Chill","Les Trois-Îlets","active","keep","Listed on 1 live page about the place, with no closure wording.","https://www.martinique.org/fr/que-faire/sports-activites-nautiques/donuts-bbq-chill","1","yes","script","Listed in the tourism board's current sitemap (changed 2026-04-17)"
"232","Dream Catcher","Les Anses-d’Arlet","active","keep","Listed on 1 live page about the place, with no closure wording.","https://www.martinique.org/fr/que-faire/sports-activites-nautiques/dream-catcher","1","yes","script","Listed in the tourism board's current sitemap (changed 2026-01-02)"
"233","Dream Yacht Caribbean","Le Marin","active","keep","Listed on 1 live page about the place, with no closure wording.","https://www.martinique.org/fr/que-faire/sports-activites-nautiques/dream-yacht-caribbean","1","yes","script","Listed in the tourism board's current sitemap (changed 2026-01-02)"
"234","Dsc Plongée Martinique","Le Diamant","active","keep","Listed on 1 live page about the place, with no closure wording.","https://www.martinique.org/fr/que-faire/sports-activites-nautiques/dsc-plongee-martinique","1","yes","script","Source price list ended 2017-12-31 | Listed in the tourism board's current sitemap (changed 2026-10-01)"
"235","Ecole De Surf- « Bliss » -","La Trinité","active","keep","Listed on 1 live page about the place, with no closure wording.","https://www.martinique.org/fr/que-faire/sports-activites-nautiques/ecole-de-surf-bliss","1","yes","script","Listed in the tourism board's current sitemap (changed 2026-01-02)"
"236","Evasion Nautique","Les Trois-Îlets","active","keep","Listed on 1 live page about the place, with no closure wording.","https://www.martinique.org/fr/que-faire/sports-activites-nautiques/evasion-nautique","1","yes","script","Listed in the tourism board's current sitemap (changed 2026-10-01)"
"237","Evasion Royole (Asssociation Athon) Initiation Yole","Le François","active","keep","Listed on 1 live page about the place, with no closure wording.","https://www.martinique.org/fr/que-faire/sports-activites-nautiques/evasion-royole-asssociation-athon-initiation-yole","1","yes","script","Listed in the tourism board's current sitemap (changed 2026-07-11)"
"238","Fleurdo Ecoexcursion","Le Vauclin","active","keep","Listed on 1 live page about the place, with no closure wording.","https://www.martinique.org/fr/que-faire/sports-activites-nautiques/fleurdo-ecoexcursion","1","yes","script","Listed in the tourism board's current sitemap (changed 2026-01-02)"
"239","Fun Caraibes","Le François","active","keep","Listed on 1 live page about the place, with no closure wording.","https://www.martinique.org/fr/que-faire/sports-activites-nautiques/fun-caraibes","1","yes","script","Source price list ended 2014-12-31 | Listed in the tourism board's current sitemap (changed 2026-10-01)"
"240","Holidays Croisieres (Quiet Boat)","Le Marin","active","keep","Listed on 1 live page about the place, with no closure wording.","https://www.martinique.org/fr/que-faire/sports-activites-nautiques/holidays-croisieres-quiet-boat","1","yes","script","Listed in the tourism board's current sitemap (changed 2026-10-01)"
"241","Ile Aux Kayaks","Fort-de-France","active","keep","Listed on 1 live page about the place, with no closure wording.","https://www.martinique.org/fr/que-faire/sports-activites-nautiques/ile-aux-kayaks","1","yes","script","Listed in the tourism board's current sitemap (changed 2026-10-01)"
"242","Infiniblue","Les Anses-d’Arlet","active","keep","Listed on 1 live page about the place, with no closure wording.","https://www.martinique.org/fr/que-faire/sports-activites-nautiques/infiniblue","1","yes","script","Listed in the tourism board's current sitemap (changed 2026-05-28)"
"243","Jet Attitu'd Loc","Les Anses-d’Arlet","active","keep","Listed on 1 live page about the place, with no closure wording.","https://www.martinique.org/fr/que-faire/sports-activites-nautiques/jet-attitud-loc","1","yes","script","Listed in the tourism board's current sitemap (changed 2026-10-01)"
"244","Jet7","Sainte-Anne","active","keep","Listed on 1 live page about the place, with no closure wording.","https://www.martinique.org/fr/que-faire/sports-activites-nautiques/jet7","1","yes","script","Listed in the tourism board's current sitemap (changed 2026-01-02)"
"245","Jojo Nautik","Sainte-Anne","active","keep","Listed on 1 live page about the place, with no closure wording.","https://www.martinique.org/fr/que-faire/sports-activites-nautiques/jojo-nautik","1","yes","script","Listed in the tourism board's current sitemap (changed 2026-01-02)"
"246","Jump In Watersports","Les Trois-Îlets","active","keep","Listed on 1 live page about the place, with no closure wording.","https://www.martinique.org/fr/que-faire/sports-activites-nautiques/jump-watersports","1","yes","script","Source price list ended 2023-01-01 | Listed in the tourism board's current sitemap (changed 2026-10-01)"
"247","Kairidream","Fort-de-France","active","keep","Listed on 1 live page about the place, with no closure wording.","https://www.martinique.org/fr/que-faire/sports-activites-nautiques/kairidream","1","yes","script","Listed in the tourism board's current sitemap (changed 2026-01-02)"
"248","Kanoa","Fort-de-France","active","keep","Listed on 1 live page about the place, with no closure wording.","https://www.martinique.org/fr/que-faire/sports-activites-nautiques/kanoa","1","yes","script","Source price list ended 2022-12-31 | Listed in the tourism board's current sitemap (changed 2026-10-01)"
"249","Kariba Plongee Martinique","Sainte-Luce","active","keep","Listed on 1 live page about the place, with no closure wording.","https://www.martinique.org/fr/que-faire/sports-activites-nautiques/kariba-plongee-martinique","1","yes","script","Listed in the tourism board's current sitemap (changed 2026-10-01)"
"250","Kata Mambo","Les Trois-Îlets","active","keep","Listed on 1 live page about the place, with no closure wording.","https://www.martinique.org/fr/que-faire/sports-activites-nautiques/kata-mambo","1","yes","script","Listed in the tourism board's current sitemap (changed 2026-10-01)"
"251","Kawan Plongee","Sainte-Luce","active","keep","Listed on 1 live page about the place, with no closure wording.","https://www.martinique.org/fr/que-faire/sports-activites-nautiques/kawan-plongee","1","yes","script","Listed in the tourism board's current sitemap (changed 2026-01-02)"
"252","Kayak Aventure Mangrove","Ducos","active","keep","Listed on 1 live page about the place, with no closure wording.","https://www.martinique.org/fr/que-faire/sports-activites-nautiques/kayak-aventure-mangrove","1","yes","script","Listed in the tourism board's current sitemap (changed 2026-01-02)"
"253","Kayak Evasion Martinique","Sainte-Luce","active","keep","Listed on 1 live page about the place, with no closure wording.","https://www.martinique.org/fr/que-faire/sports-activites-nautiques/kayak-evasion-martinique","1","yes","script","Listed in the tourism board's current sitemap (changed 2026-10-01)"
"254","Kayak Nature Evasion","Les Trois-Îlets","active","keep","Listed on 1 live page about the place, with no closure wording.","https://www.martinique.org/fr/que-faire/sports-activites-nautiques/kayak-nature-evasion","1","yes","script","Listed in the tourism board's current sitemap (changed 2026-01-02)"
"255","Kite Center 972 Ecole De Kite","Le François","active","keep","Listed on 1 live page about the place, with no closure wording.","https://www.martinique.org/fr/que-faire/sports-activites-nautiques/kite-center-972-ecole-de-kite","1","yes","script","Listed in the tourism board's current sitemap (changed 2026-01-02)"
"256","A L'abordage","Le Robert","active","keep","Listed on 1 live page about the place, with no closure wording.","https://www.martinique.org/fr/que-faire/sports-activites-nautiques/labordage","1","yes","script","Listed in the tourism board's current sitemap (changed 2026-10-01)"
"257","Lagon Evasion","Sainte-Anne","active","keep","Listed on 1 live page about the place, with no closure wording.","https://www.martinique.org/fr/que-faire/sports-activites-nautiques/lagon-evasion","2","yes","script","Listed in the tourism board's current sitemap (changed 2026-01-02)"
"258","Land And Sea","Les Trois-Îlets","active","keep","Listed on 1 live page about the place, with no closure wording.","https://www.martinique.org/fr/que-faire/sports-activites-nautiques/land-and-sea","1","yes","script","Listed in the tourism board's current sitemap (changed 2026-01-02)"
"259","Le Mantou","Les Trois-Îlets","active","keep","Listed on 1 live page about the place, with no closure wording.","https://www.martinique.org/fr/que-faire/sports-activites-nautiques/le-mantou","1","yes","script","Listed in the tourism board's current sitemap (changed 2026-01-02)"
"260","Les Aquanautes - Martinique Snorkeling","Le Marin","active","keep","Listed on 1 live page about the place, with no closure wording.","https://www.martinique.org/fr/que-faire/sports-activites-nautiques/les-aquanautes-martinique-snorkeling","1","yes","script","Source price list ended 2024-12-31 | Listed in the tourism board's current sitemap (changed 2026-01-02)"
"261","Les Kayaks Des Ilets Du François","Le François","active","keep","Listed on 1 live page about the place, with no closure wording.","https://www.martinique.org/fr/que-faire/sports-activites-nautiques/les-kayaks-des-ilets-du-francois","1","yes","script","Listed in the tourism board's current sitemap (changed 2026-10-01)"
"262","Les Kayaks Du Robert","Le Robert","active","keep","Listed on 1 live page about the place, with no closure wording.","https://www.martinique.org/fr/que-faire/sports-activites-nautiques/les-kayaks-du-robert","1","yes","script","Listed in the tourism board's current sitemap (changed 2026-01-02)"
"263","Mada Wake School & 50° Excursion Bateau","Le François","active","keep","Listed on 1 live page about the place, with no closure wording.","https://www.martinique.org/fr/que-faire/sports-activites-nautiques/mada-wake-school-50deg-excursion-bateau","1","yes","script","Listed in the tourism board's current sitemap (changed 2026-10-01)"
"264","Madacanyon","Rivière-Salée","active","keep","Listed on 1 live page about the place, with no closure wording.","https://www.martinique.org/fr/que-faire/sports-activites-nautiques/madacanyon","1","yes","script","Listed in the tourism board's current sitemap (changed 2026-10-01)"
"265","Madacruise","Le Robert","active","keep","Listed on 1 live page about the place, with no closure wording.","https://www.martinique.org/fr/que-faire/sports-activites-nautiques/madacruise","1","yes","script","Source price list ended 2023-12-31 | Listed in the tourism board's current sitemap (changed 2026-10-01)"
"266","Madiana Blue Plaisir","Le Diamant","active","keep","Listed on 1 live page about the place, with no closure wording.","https://www.martinique.org/fr/que-faire/sports-activites-nautiques/madiana-blue-plaisir","1","yes","script","Listed in the tourism board's current sitemap (changed 2026-09-30)"
"267","Madin E-Board","Sainte-Anne","active","keep","Listed on 1 live page about the place, with no closure wording.","https://www.martinique.org/fr/que-faire/sports-activites-nautiques/madin-e-board","1","yes","script","Source price list ended 2023-10-31 | Listed in the tourism board's current sitemap (changed 2026-10-01)"
"268","Madinina Kayak Tripping","Le Vauclin","active","keep","Listed on 1 live page about the place, with no closure wording.","https://www.martinique.org/fr/que-faire/sports-activites-nautiques/madinina-kayak-tripping","1","yes","script","Source price list ended 2022-12-31 | Listed in the tourism board's current sitemap (changed 2026-10-01)"
"269","Madinina Kayaks","Le Robert","active","keep","Listed on 1 live page about the place, with no closure wording.","https://www.martinique.org/fr/que-faire/sports-activites-nautiques/madinina-kayaks","1","yes","script","Source price list ended 2022-12-31 | Listed in the tourism board's current sitemap (changed 2026-10-01)"
"270","Madinina Kitesurf","Le Marin","active","keep","Listed on 1 live page about the place, with no closure wording.","https://www.martinique.org/fr/que-faire/sports-activites-nautiques/madinina-kitesurf","1","yes","script","Listed in the tourism board's current sitemap (changed 2026-10-01)"
"271","Madin'jet","Le Diamant","active","keep","Listed on 1 live page about the place, with no closure wording.","https://www.martinique.org/fr/que-faire/sports-activites-nautiques/madinjet","1","yes","script","Listed in the tourism board's current sitemap (changed 2026-01-02)"
"272","Madin’voilesvertes","Le Marin","active","keep","Listed on 1 live page about the place, with no closure wording.","https://www.martinique.org/fr/que-faire/sports-activites-nautiques/madinvoilesvertes","1","yes","script","Listed in the tourism board's current sitemap (changed 2026-09-26)"
"273","Madisail","Case-Pilote","active","keep","Listed on 1 live page about the place, with no closure wording.","https://www.martinique.org/fr/que-faire/sports-activites-nautiques/madisail","1","yes","script","Listed in the tourism board's current sitemap (changed 2026-10-01)"
"274","Manoa Surf School","La Trinité","active","keep","Listed on 1 live page about the place, with no closure wording.","https://www.martinique.org/fr/que-faire/sports-activites-nautiques/manoa-surf-school","1","yes","script","Listed in the tourism board's current sitemap (changed 2026-04-03)"
"275","Marin Plongee","Le Marin","active","keep","Listed on 1 live page about the place, with no closure wording.","https://www.martinique.org/fr/que-faire/sports-activites-nautiques/marin-plongee","1","yes","script","Listed in the tourism board's current sitemap (changed 2026-10-01)"
"276","Marina De La Pointe Du Bout","Les Trois-Îlets","active","keep","Listed on 1 live page about the place, with no closure wording.","https://www.martinique.org/fr/que-faire/sports-activites-nautiques/marina-de-la-pointe-du-bout","1","yes","script","Source price list ended 2023-12-31 | Listed in the tourism board's current sitemap (changed 2026-10-01)"
"277","Martinique Day Cruising - Catamaran Bb Sea","Le Marin","active","keep","Listed on 1 live page about the place, with no closure wording.","https://www.martinique.org/fr/que-faire/sports-activites-nautiques/martinique-day-cruising-catamaran-bb-sea","1","yes","script","Source price list ended 2023-12-15 | Listed in the tourism board's current sitemap (changed 2026-10-01)"
"278","Martinique Kiteschool","Le Vauclin","active","keep","Listed on 1 live page about the place, with no closure wording.","https://www.martinique.org/fr/que-faire/sports-activites-nautiques/martinique-kiteschool","1","yes","script","Source price list ended 2021-06-11 | Listed in the tourism board's current sitemap (changed 2026-10-01)"
"279","Martinique Plongee","Les Trois-Îlets","active","keep","Listed on 1 live page about the place, with no closure wording.","https://www.martinique.org/fr/que-faire/sports-activites-nautiques/martinique-plongee","1","yes","script","Listed in the tourism board's current sitemap (changed 2026-01-02)"
"280","Martinique Wake Park","Les Trois-Îlets","active","keep","Listed on 1 live page about the place, with no closure wording.","https://www.martinique.org/fr/que-faire/sports-activites-nautiques/martinique-wake-park","1","yes","script","Listed in the tourism board's current sitemap (changed 2026-10-01)"
"281","Martinique Water Taxi (Events Boats Agency)","Fort-de-France","active","keep","Listed on 1 live page about the place, with no closure wording.","https://www.martinique.org/fr/que-faire/sports-activites-nautiques/martinique-water-taxi-events-boats-agency","1","yes","script","Listed in the tourism board's current sitemap (changed 2026-10-01)"
"282","Matt'excursions Nautiques","Le François","active","keep","Listed on 1 live page about the place, with no closure wording.","https://www.martinique.org/fr/que-faire/sports-activites-nautiques/mattexcursions-nautiques","1","yes","script","Listed in the tourism board's current sitemap (changed 2026-01-02)"
"283","Mermer Location","Le Marin","active","keep","Listed on 1 live page about the place, with no closure wording.","https://www.martinique.org/fr/que-faire/sports-activites-nautiques/mermer-location","1","yes","script","Source price list ended 2023-12-31 | Listed in the tourism board's current sitemap (changed 2026-10-01)"
"284","Natiyabel","Sainte-Anne","active","keep","Listed on 1 live page about the place, with no closure wording.","https://www.martinique.org/fr/que-faire/sports-activites-nautiques/natiyabel","1","yes","script","Listed in the tourism board's current sitemap (changed 2026-10-01)"
"285","Nautitan","Les Anses-d’Arlet","active","keep","Listed on 1 live page about the place, with no closure wording.","https://www.martinique.org/fr/que-faire/sports-activites-nautiques/nautitan","1","yes","script","Source price list ended 2025-01-01 | Listed in the tourism board's current sitemap (changed 2026-01-02)"
"286","O Fil De L'eau - Centre De Plongée & Kayaks Transparents","Les Anses-d’Arlet","active","keep","Listed on 1 live page about the place, with no closure wording.","https://www.martinique.org/fr/que-faire/sports-activites-nautiques/o-fil-de-leau-centre-de-plongee-kayaks-transparents","1","yes","script","Listed in the tourism board's current sitemap (changed 2026-03-18)"
"287","Olivexpress","Le François","active","keep","Listed on 1 live page about the place, with no closure wording.","https://www.martinique.org/fr/que-faire/sports-activites-nautiques/olivexpress","1","yes","script","Listed in the tourism board's current sitemap (changed 2026-06-24)"
"288","Paddle Evasion Martinique","Sainte-Anne","active","keep","Listed on 1 live page about the place, with no closure wording.","https://www.martinique.org/fr/que-faire/sports-activites-nautiques/paddle-evasion-martinique","1","yes","script","Listed in the tourism board's current sitemap (changed 2026-10-01)"
"289","A Papa D'lo","Saint-Pierre","active","keep","Listed on 1 live page about the place, with no closure wording.","https://www.martinique.org/fr/que-faire/sports-activites-nautiques/papa-dlo","1","yes","script","Listed in the tourism board's current sitemap (changed 2026-01-02)"
"290","Plongee  Immersion Caraibes","Le Marin","active","keep","Listed on 1 live page about the place, with no closure wording.","https://www.martinique.org/fr/que-faire/sports-activites-nautiques/plongee-immersion-caraibes","1","yes","script","Listed in the tourism board's current sitemap (changed 2026-10-01)"
"291","Pogo Luciole","Le Carbet","active","keep","Listed on 1 live page about the place, with no closure wording.","https://www.martinique.org/fr/que-faire/sports-activites-nautiques/pogo-luciole","1","yes","script","Listed in the tourism board's current sitemap (changed 2026-01-02)"
"292","Port De Plaisance De L'etang Z'abricots","Fort-de-France","active","keep","Listed on 1 live page about the place, with no closure wording.","https://www.martinique.org/fr/que-faire/sports-activites-nautiques/port-de-plaisance-de-letang-zabricots","1","yes","script","Listed in the tourism board's current sitemap (changed 2026-10-01)"
"293","Privileg'g","Le François","active","keep","Listed on 1 live page about the place, with no closure wording.","https://www.martinique.org/fr/que-faire/sports-activites-nautiques/privilegg","1","yes","script","Listed in the tourism board's current sitemap (changed 2026-01-02)"
"294","Rdv Caraibes","Le Marin","active","keep","Listed on 2 live pages about the place, with no closure wording. Map point differs from the source; review separately.","https://www.martinique.org/fr/que-faire/sports-activites-nautiques/rdv-caraibes","2","yes","script","Source map point differs: ours ""14.47015409,-60.868524"", source ""14.4851558,-60.847113 (2845 m away)"" | Listed in the tourism board's current sitemap (changed 2026-10-01) | Listed in the tourism board's current sitemap (changed 2026-01-02)"
"295","Rent Your Boat Martinique","Ducos","active","keep","Listed on 1 live page about the place, with no closure wording.","https://www.martinique.org/fr/que-faire/sports-activites-nautiques/rent-your-boat-martinique","1","yes","script","Listed in the tourism board's current sitemap (changed 2026-03-21)"
"296","Rentsailboat","Le Marin","active","keep","Listed on 1 live page about the place, with no closure wording.","https://www.martinique.org/fr/que-faire/sports-activites-nautiques/rentsailboat","1","yes","script","Source price list ended 2024-12-30 | Listed in the tourism board's current sitemap (changed 2026-01-02)"
"297","Rm Croisieres","Le Marin","active","keep","Listed on 1 live page about the place, with no closure wording.","https://www.martinique.org/fr/que-faire/sports-activites-nautiques/rm-croisieres","1","yes","script","Source price list ended 2024-12-19 | Listed in the tourism board's current sitemap (changed 2026-01-02)"
"298","Scheherazade","Les Trois-Îlets","active","keep","Listed on 1 live page about the place, with no closure wording.","https://www.martinique.org/fr/que-faire/sports-activites-nautiques/scheherazade","1","yes","script","Source price list ended 2021-12-31 | Listed in the tourism board's current sitemap (changed 2026-10-01)"
"299","Simobey","Le Vauclin","active","keep","Listed on 1 live page about the place, with no closure wording.","https://www.martinique.org/fr/que-faire/sports-activites-nautiques/simobey","1","yes","script","Source price list ended 2023-12-31 | Listed in the tourism board's current sitemap (changed 2026-10-01)"
"300","South Discover Base Nautique","Sainte-Luce","active","keep","Listed on 1 live page about the place, with no closure wording.","https://www.martinique.org/fr/que-faire/sports-activites-nautiques/south-discover-base-nautique","1","yes","script","Listed in the tourism board's current sitemap (changed 2026-01-02)"
"301","Sumra Fishing","Le François","active","keep","Listed on 1 live page about the place, with no closure wording.","https://www.martinique.org/fr/que-faire/sports-activites-nautiques/sumra-fishing","1","yes","script","Listed in the tourism board's current sitemap (changed 2026-10-01)"
"302","Sun Sea Antilles","Le Marin","active","keep","Listed on 1 live page about the place, with no closure wording.","https://www.martinique.org/fr/que-faire/sports-activites-nautiques/sun-sea-antilles","1","yes","script","Source price list ended 2023-12-31 | Listed in the tourism board's current sitemap (changed 2026-10-01)"
"303","Surf Up","La Trinité","active","keep","Listed on 1 live page about the place, with no closure wording.","https://www.martinique.org/fr/que-faire/sports-activites-nautiques/surf-up","1","yes","script","Listed in the tourism board's current sitemap (changed 2026-10-01)"
"304","Symbiose Apnee","Saint-Pierre","active","keep","Listed on 1 live page about the place, with no closure wording.","https://www.martinique.org/fr/que-faire/sports-activites-nautiques/symbiose-apnee","1","yes","script","Listed in the tourism board's current sitemap (changed 2026-01-02)"
"305","Ti Canots","Le Robert","active","keep","Listed on 1 live page about the place, with no closure wording.","https://www.martinique.org/fr/que-faire/sports-activites-nautiques/ti-canots","1","yes","script","Source price list ended 2018-12-31 | Listed in the tourism board's current sitemap (changed 2026-10-01)"
"306","Tropic Notic","Le Robert","active","keep","Listed on 1 live page about the place, with no closure wording.","https://www.martinique.org/fr/que-faire/sports-activites-nautiques/tropic-notic","1","yes","script","Source price list ended 2018-12-31 | Listed in the tourism board's current sitemap (changed 2026-10-01)"
"307","Tropicanyon","Sainte-Luce","active","keep","Listed on 1 live page about the place, with no closure wording.","https://www.martinique.org/fr/que-faire/sports-activites-nautiques/tropicanyon","1","yes","script","Listed in the tourism board's current sitemap (changed 2026-10-01)"
"308","Turquoise Evasion Martinique","Le Robert","active","keep","Listed on 1 live page about the place, with no closure wording.","https://www.martinique.org/fr/que-faire/sports-activites-nautiques/turquoise-evasion-martinique","1","yes","script","Source price list ended 2021-12-31 | Listed in the tourism board's current sitemap (changed 2026-10-01)"
"309","Two Thou","Les Trois-Îlets","active","keep","Listed on 1 live page about the place, with no closure wording.","https://www.martinique.org/fr/que-faire/sports-activites-nautiques/two-thou","1","yes","script","Listed in the tourism board's current sitemap (changed 2026-01-02)"
"310","West Indies Prokayak","Le Lamentin","active","keep","Listed on 1 live page about the place, with no closure wording.","https://www.martinique.org/fr/que-faire/sports-activites-nautiques/west-indies-prokayak","1","yes","script","Listed in the tourism board's current sitemap (changed 2026-01-02)"
"311","Wil Rid","Les Trois-Îlets","active","keep","Listed on 1 live page about the place, with no closure wording.","https://www.martinique.org/fr/que-faire/sports-activites-nautiques/wil-rid","1","yes","script","Listed in the tourism board's current sitemap (changed 2026-09-12)"
"312","Winward Islands","Le Marin","active","keep","Listed on 1 live page about the place, with no closure wording.","https://www.martinique.org/fr/que-faire/sports-activites-nautiques/winward-islands","1","yes","script","Listed in the tourism board's current sitemap (changed 2026-01-02)"
"313","Zagaya","Le Marin","active","keep","Listed on 1 live page about the place, with no closure wording.","https://www.martinique.org/fr/que-faire/sports-activites-nautiques/zagaya","1","yes","script","Listed in the tourism board's current sitemap (changed 2026-01-02)"
"314","Zone2Glisse","Le Marin","active","keep","Listed on 1 live page about the place, with no closure wording.","https://www.martinique.org/fr/que-faire/sports-activites-nautiques/zone2glisse","1","yes","script","Listed in the tourism board's current sitemap (changed 2026-10-01)"
"315","A2Pas","Ducos","active","keep","Listed on 1 live page about the place, with no closure wording.","https://www.martinique.org/fr/que-faire/sports-et-decouvertes-terre/a2pas","1","yes","script","Listed in the tourism board's current sitemap (changed 2026-01-02)"
"316","Acf Aviation","Le Lamentin","active","keep","Listed on 1 live page about the place, with no closure wording.","https://www.martinique.org/fr/que-faire/sports-et-decouvertes-terre/acf-aviation","1","yes","script","Listed in the tourism board's current sitemap (changed 2026-01-02)"
"317","Air Colibri Parachutisme","Le Lamentin","active","keep","Listed on 1 live page about the place, with no closure wording.","https://www.martinique.org/fr/que-faire/sports-et-decouvertes-terre/air-colibri-parachutisme","1","yes","script","Listed in the tourism board's current sitemap (changed 2026-10-01)"
"318","Airawak-Ulm","Le Lamentin","active","keep","Listed on 1 live page about the place, with no closure wording.","https://www.martinique.org/fr/que-faire/sports-et-decouvertes-terre/airawak-ulm","1","yes","script","Listed in the tourism board's current sitemap (changed 2026-01-02)"
"319","Alternative Sailing","Le Marin","active","keep","Listed on 1 live page about the place, with no closure wording.","https://www.martinique.org/fr/que-faire/sports-et-decouvertes-terre/alternative-sailing","1","yes","script","Listed in the tourism board's current sitemap (changed 2026-10-01)"
"320","Ba Sa Balan","Rivière-Pilote","active","keep","Listed on 1 live page about the place, with no closure wording.","https://www.martinique.org/fr/que-faire/sports-et-decouvertes-terre/ba-sa-balan","1","yes","script","Listed in the tourism board's current sitemap (changed 2026-10-01)"
"321","Bicato","Gros-Morne","active","keep","Listed on 1 live page about the place, with no closure wording.","https://www.martinique.org/fr/que-faire/sports-et-decouvertes-terre/bicato","1","yes","script","Listed in the tourism board's current sitemap (changed 2026-01-02)"
"322","Bureau De La Randonnée Et Du Canyoning","Le Morne-Vert","active","keep","Listed on 1 live page about the place, with no closure wording.","https://www.martinique.org/fr/que-faire/sports-et-decouvertes-terre/bureau-de-la-randonnee-et-du-canyoning","1","yes","script","Listed in the tourism board's current sitemap (changed 2026-01-02)"
"323","Cap Loisirs  Randonnée","Sainte-Anne","active","keep","Listed on 1 live page about the place, with no closure wording.","https://www.martinique.org/fr/que-faire/sports-et-decouvertes-terre/cap-loisirs-randonnee","1","yes","script","Listed in the tourism board's current sitemap (changed 2026-10-01)"
"324","Catamaran Diamond Rock","Les Trois-Îlets","active","keep","Listed on 1 live page about the place, with no closure wording.","https://www.martinique.org/fr/que-faire/sports-et-decouvertes-terre/catamaran-diamond-rock","1","yes","script","Source price list ended 2018-12-31 | Listed in the tourism board's current sitemap (changed 2026-10-01)"
"325","Cook And Sail","Le Marin","active","keep","Listed on 1 live page about the place, with no closure wording.","https://www.martinique.org/fr/que-faire/sports-et-decouvertes-terre/cook-and-sail","1","yes","script","Listed in the tourism board's current sitemap (changed 2026-10-01)"
"326","Equi'libre/Centre Equestre Du Francois","Le François","active","keep","Listed on 1 live page about the place, with no closure wording.","https://www.martinique.org/fr/que-faire/sports-et-decouvertes-terre/equilibrecentre-equestre-du-francois","1","yes","script","Listed in the tourism board's current sitemap (changed 2026-01-02)"
"327","Excursion Mer Et Nature . Martinique Merveilleuse","Le François","active","keep","Listed on 1 live page about the place, with no closure wording.","https://www.martinique.org/fr/que-faire/sports-et-decouvertes-terre/excursion-mer-et-nature-martinique-merveilleuse","1","yes","script","Listed in the tourism board's current sitemap (changed 2026-10-01)"
"328","France Escales Antilles","Le Marin","active","keep","Listed on 1 live page about the place, with no closure wording.","https://www.martinique.org/fr/que-faire/sports-et-decouvertes-terre/france-escales-antilles","1","yes","script","Listed in the tourism board's current sitemap (changed 2026-10-01)"
"329","Golf Territorial De L’esperance","Les Trois-Îlets","active","keep","Listed on 1 live page about the place, with no closure wording.","https://www.martinique.org/fr/que-faire/sports-et-decouvertes-terre/golf-territorial-de-lesperance","1","yes","script","Listed in the tourism board's current sitemap (changed 2026-10-01)"
"330","Karambole Tours","Rivière-Salée","active","keep","Listed on 1 live page about the place, with no closure wording.","https://www.martinique.org/fr/que-faire/sports-et-decouvertes-terre/karambole-tours","1","yes","script","Source price list ended 2021-12-31 | Listed in the tourism board's current sitemap (changed 2026-10-01)"
"331","La Créole Cata","Les Trois-Îlets","active","keep","Listed on 1 live page about the place, with no closure wording.","https://www.martinique.org/fr/que-faire/sports-et-decouvertes-terre/la-creole-cata","1","yes","script","Listed in the tourism board's current sitemap (changed 2026-10-01)"
"332","Le Roi Mongin","Le François","active","keep","Listed on 1 live page about the place, with no closure wording.","https://www.martinique.org/fr/que-faire/sports-et-decouvertes-terre/le-roi-mongin","1","yes","script","Listed in the tourism board's current sitemap (changed 2026-04-22)"
"333","L'hippocampe","Le Lamentin","active","keep","Listed on 1 live page about the place, with no closure wording.","https://www.martinique.org/fr/que-faire/sports-et-decouvertes-terre/lhippocampe","1","yes","script","Source price list ended 2024-12-31 | Listed in the tourism board's current sitemap (changed 2026-01-02)"
"334","Lion’s Parc","Le Vauclin","active","keep","Listed on 1 live page about the place, with no closure wording.","https://www.martinique.org/fr/que-faire/sports-et-decouvertes-terre/lions-parc","1","yes","script","Source price list ended 2023-12-31 | Listed in the tourism board's current sitemap (changed 2026-10-01)"
"335","Martinique Active","Le Marin","active","keep","Listed on 1 live page about the place, with no closure wording.","https://www.martinique.org/fr/que-faire/sports-et-decouvertes-terre/martinique-active","1","yes","script","Source price list ended 2021-12-31 | Listed in the tourism board's current sitemap (changed 2026-10-01)"
"336","Martinique Parapente","Le Diamant","active","keep","Listed on 1 live page about the place, with no closure wording.","https://www.martinique.org/fr/que-faire/sports-et-decouvertes-terre/martinique-parapente","1","yes","script","Listed in the tourism board's current sitemap (changed 2026-01-02)"
"337","An Nou Chape Excursions","Fort-de-France","active","keep","Listed on 1 live page about the place, with no closure wording.","https://www.martinique.org/fr/que-faire/sports-et-decouvertes-terre/nou-chape-excursions","1","yes","script","Listed in the tourism board's current sitemap (changed 2026-01-02)"
"338","Paddle Yoga","Les Anses-d’Arlet","active","keep","Listed on 1 live page about the place, with no closure wording.","https://www.martinique.org/fr/que-faire/sports-et-decouvertes-terre/paddle-yoga","1","yes","script","Listed in the tourism board's current sitemap (changed 2026-10-01)"
"339","Paintball Island","Le Lamentin","active","keep","Listed on 1 live page about the place, with no closure wording.","https://www.martinique.org/fr/que-faire/sports-et-decouvertes-terre/paintball-island","1","yes","script","Listed in the tourism board's current sitemap (changed 2026-10-01)"
"340","Quad’autres","Les Anses-d’Arlet","active","keep","Listed on 1 live page about the place, with no closure wording.","https://www.martinique.org/fr/que-faire/sports-et-decouvertes-terre/quadautres","1","yes","script","Listed in the tourism board's current sitemap (changed 2026-01-02)"
"341","Se Yoga By Nature","Saint-Joseph","active","keep","Listed on 1 live page about the place, with no closure wording.","https://www.martinique.org/fr/que-faire/sports-et-decouvertes-terre/se-yoga-nature","1","yes","script","Listed in the tourism board's current sitemap (changed 2026-01-02)"
"342","Skipper Antilles Charter","Le Marin","active","keep","Listed on 1 live page about the place, with no closure wording.","https://www.martinique.org/fr/que-faire/sports-et-decouvertes-terre/skipper-antilles-charter","1","yes","script","Listed in the tourism board's current sitemap (changed 2026-10-01)"
"343","Tennis Club La Plaine Le Lamentin","Le Lamentin","active","keep","Listed on 1 live page about the place, with no closure wording.","https://www.martinique.org/fr/que-faire/sports-et-decouvertes-terre/tennis-club-la-plaine-le-lamentin","1","yes","script","Listed in the tourism board's current sitemap (changed 2026-01-02)"
"344","Trial Caraïbe","Les Trois-Îlets","active","keep","Listed on 1 live page about the place, with no closure wording.","https://www.martinique.org/fr/que-faire/sports-et-decouvertes-terre/trial-caraibe","1","yes","script","Listed in the tourism board's current sitemap (changed 2026-01-02)"
"345","Ty Domino","Le Robert","active","keep","Listed on 1 live page about the place, with no closure wording.","https://www.martinique.org/fr/que-faire/sports-et-decouvertes-terre/ty-domino","1","yes","script","Source price list ended 2023-08-31 | Listed in the tourism board's current sitemap (changed 2026-10-01)"
"346","Voilier La Rose Des Vents","Le Marin","active","keep","Listed on 1 live page about the place, with no closure wording.","https://www.martinique.org/fr/que-faire/sports-et-decouvertes-terre/voilier-la-rose-des-vents","1","yes","script","Source price list ended 2019-12-31 | Listed in the tourism board's current sitemap (changed 2026-10-01)"
"347","Ô Start","Schœlcher","active","keep","Listed on 1 live page about the place, with no closure wording (listing updated 2024-03-03).","https://terresducentremartinique.fr/restaurant/o-start/","2","yes","script",""
"348","Senat Beach","Schœlcher","active","keep","Listed on 1 live page about the place, with no closure wording (listing updated 2024-02-21).","https://terresducentremartinique.fr/restaurant/senat-beach/","2","yes","script",""
"349","Le Numa","Schœlcher","active","keep","Listed on 1 live page about the place, with no closure wording (listing updated 2024-02-21).","https://terresducentremartinique.fr/restaurant/le-numa/","2","yes","script",""
"350","Le Cèdre","Schœlcher","active","keep","Listed on 1 live page about the place, with no closure wording (listing updated 2024-02-21).","https://terresducentremartinique.fr/restaurant/le-cedre/","2","yes","script",""
"351","Kay Alain an Sab la","Schœlcher","active","keep","Listed on 1 live page about the place, with no closure wording (listing updated 2024-02-21).","https://terresducentremartinique.fr/restaurant/kay-alain-an-sab-la/","2","yes","script",""
"352","An ba fey tol la","Schœlcher","active","keep","Listed on 1 live page about the place, with no closure wording (listing updated 2024-02-20).","https://terresducentremartinique.fr/restaurant/an-ba-fey-tol-la-2/","2","yes","script",""
"353","The Mark","Fort-de-France","active","keep","Listed on 1 live page about the place, with no closure wording (listing updated 2024-02-04).","https://terresducentremartinique.fr/restaurant/the-mark/","2","yes","script",""
"354","70 Meal and Coffee","Fort-de-France","active","uncertain","Its only live listing was last updated 2023-09-06 (over 3 years ago), so it cannot confirm the place is still open.","https://terresducentremartinique.fr/restaurant/le-70-meal-and-coffee/","2","yes","script",""
"355","So Elsi","Fort-de-France","active","keep","Active: own website and Facebook page, Tripadvisor 4.9 with 59 reviews, and listed in Petit Futé's 2026 take-away guide. Found through web search. (manual review, 2026-10-02; script said uncertain)","https://www.petitfute.co.uk/v36634-fort-de-france-97200/c1165-restaurants/c126-restauration-rapide-a-domicile/c135-sur-place-a-emporter/2085735-so-elsi.html","2","yes","manual",""
"356","Ô Brasil","Fort-de-France","active","keep","Active: Tripadvisor listing marked 2026 and an Instagram page (@obrasilrestaurant). Found through web search. (manual review, 2026-10-02; script said uncertain)","https://www.tripadvisor.co.uk/Restaurant_Review-g147328-d23211399-Reviews-O_Brasil-Fort_de_France_Arrondissement_of_Fort_de_France_Martinique.html","2","yes","manual",""
"357","Coco Mango","Fort-de-France","active","uncertain","Its only live listing was last updated 2023-09-06 (over 3 years ago), so it cannot confirm the place is still open.","https://terresducentremartinique.fr/restaurant/cocomango/","2","yes","script","Source address differs: ours ""1 Rue Loulou Boislaville"", source ""Esplanade de la Tour Lumina, Fort-de-France 97200, Martinique"""
"358","Sushi Wave","Le Lamentin","active","keep","Active: own website, Tripadvisor and Bellemartinique listings with current hours and delivery. Found through web search. (manual review, 2026-10-02; script said uncertain)","https://www.sushiwavemartinique.com/","2","yes","manual",""
"359","Chez Bernadette","Fort-de-France","active","keep","Listed on 1 live page about the place, with no closure wording (listing updated 2024-03-03).","https://terresducentremartinique.fr/restaurant/chez-bernadette/","2","yes","script",""
"360","Chez Lucrèce","Fort-de-France","active","keep","Listed on 1 live page about the place, with no closure wording (listing updated 2024-03-03).","https://terresducentremartinique.fr/restaurant/chez-lucrece/","2","yes","script",""
"361","Spice & Sugar","Fort-de-France","active","update","Still operating: a Tripadvisor listing with 2025 reviews, a Facebook page (spiceandsugarfwi) and the same telephone as the Terres du Centre page. Our street address is out of date; sources give Pont de Châteauboeuf (Centre d'affaires Valmenière / 25 rue Moreau de Jones). Sources disagree on Saturday opening, so hours stay as the source's own words. Found through web search; Tripadvisor blocks automated fetching. (manual review, 2026-10-02; script said uncertain)","https://www.tripadvisor.com/Restaurant_Review-g147328-d9869496-Reviews-Spice_n_Sugar-Fort_de_France_Arrondissement_of_Fort_de_France_Martinique.html","2","yes","manual","Source address differs: ours ""5 Lotissement Hardy Dessources"", source ""Centre d'affaires Valmenière, Pont de Châteauboeuf, 97200 Fort de France"""
"362","Cotton BAY","Fort-de-France","active","keep","Listed on 1 live page about the place, with no closure wording (listing updated 2024-03-07).","https://terresducentremartinique.fr/restaurant/cotton-bay/","2","yes","script",""
"363","La Presqu’ilienne","Saint-Joseph","active","uncertain","Its only live listing was last updated 2023-05-30 (over 3 years ago), so it cannot confirm the place is still open.","https://terresducentremartinique.fr/restaurant/la-presquilienne/","2","yes","script",""
"364","Hashtag","Schœlcher","active","keep","Listed on 1 live page about the place, with no closure wording (listing updated 2024-02-21).","https://terresducentremartinique.fr/restaurant/le-hashtag/","2","yes","script",""
